character	killed by	death	type	death


characters / aliases :

Wu Hao / 721
Father
Elder Kong
Liu Xijing
Bai Jing
Zunxin
Shizhen
Xing Zhao
Huo Shanliang
Luo Daxiu
Ling Yu
Righteous Fist
Ke Jiazhong
Du Linglong
Ke Shuang
Ye Qingfeng / 732
Zhao
Ke Jiaming / First Elder of the Diancang Sect / Moonlight Sovereign / Moonlight Spear Supreme
Du Jincang / Seven Gods Sword Sovereign
Qin Tianyi / Old Qin
Liu Zhiyi
Liu Gang
Old Wang
Boss Li
Chu Bidao
Jin Qinghe
Lei Zheqing
Yi Wei
Yi Biao
Jin Qilong
Shan Kong
Yu Xiong
Zhu
Shan Guo




lore :

721's squad is from 720 to 732 except dead ones (mentioned : 720, 723, 726, 729, 732)
Order of Divine Power = Heavenly Demon Cult

<2+> men	Jin Qinghe	Murdered by Jin Qinghe after direspecting her (plural)


Ye Qingfeng's father	Father	Presumably murdered by or on orders from Father
Du Jincang	Heavenly Demon	Body crumbled to ashes after being fatally wounded by the Heavenly Demon
Second Heavenly Demon	Du Jincang	Slain by Du Jincang a hundred years ago
<24+> Wudang Sect members	Scarlet Demon	Slaughtered by the Scarlet Demon (dozens mentioned)
Scarlet Demon	Whistling Wisdom Sword	Sliced into pieces and beheaded by the Whistling Wisdom Sword
Whistling Wisdom Sword	Scarlet Demon	Chest punched through by the Scarlet Demon
<2,000+> Sect members		Slain by the Zhuge and Tang Sects (thousands mentioned)
Wu Hao		Fatally wounded while fighting the Heavenly Demon Cult (resurrected with time travel provided by Du Jincang)	undone	
unconfirmed


<3+> deathsworn	Father	Died of qi reflux, due to Father's training (several mentioned) (undone via Wu Hao's time travel)	undone	
<1> deathsworn	Father	Executed by or on orders from Father after making a joke about the Honor Guard (undone via Wu Hao's time travel)	undone	
<3+> deathsworn	Father	Purged on orders from Father (group mentioned) (undone via Wu Hao's time travel)	undone	
<1> deathsworn	726	Smashed to death with a rock by 726 (undone via Wu Hao's time travel)	undone	
722	Father	Presumably died due to Father's training or on his orders (undone via Wu Hao's time travel)	undone	
724	Father	Presumably died during early cultivation guidance, due to Father's training (undone via Wu Hao's time travel)	undone	
725	Father	Presumably executed by or on orders from Father after making a mistake during a lesson (undone via Wu Hao's time travel)	undone	
727	Father	Died during a test, due to Father's training (undone via Wu Hao's time travel)	undone	
728	Father	Presumably died due to Father's training or on his orders (undone via Wu Hao's time travel)	undone	
730	Father	Presumably died due to Father's training or on his orders (undone via Wu Hao's time travel)	undone	
731	Father	Presumably died due to Father's training or on his orders (undone via Wu Hao's time travel)	undone	




deaths :


720
723
726
729
732
748
759
Wu Hao		Poisoned ?

Wu Hao	Wu Hao | Father	Slit his own throat on orders from Father (undone via Wu Hao's time travel)	undone	2

<1> deathsworn	Father	Heart exploded of qi reflux, due to Father's training (undone via Wu Hao's time travel)	undone	
Wu Hao	Bai Jing | 589 | Father	Exploded with a qi overload by Bai Jing while held by 589, on orders from Father (undone via Wu Hao's time travel)	undone	3

<1> deathsworn	Father	Heart exploded of qi reflux, due to Father's training (undone via Wu Hao's time travel)	undone	
<5> men		Cut down by another man during the War between the Heavenly Demon Cult and the Alliance (undone via Wu Hao's time travel)	undone	
<3+> men	Heavenly Demon	Slaughtered by the Heavenly Demon during the War between the Heavenly Demon Cult and the Alliance (several mentioned) (undone via Wu Hao's time travel)	undone	
726	Xing Zhao | Huo Shanliang | Heavenly Demon | Father	Throat torn open with a dagger by Xing Zhao, led by Huo Shanliang and the Heavenly Demon, orchestrated by Father (undone via Wu Hao's time travel)	undone	
732	Xing Zhao | Huo Shanliang | Heavenly Demon | Father	Stabbed in the chest with a dagger by Xing Zhao, led by Huo Shanliang and the Heavenly Demon, orchestrated by Father (undone via Wu Hao's time travel)	undone	
759	Xing Zhao | Huo Shanliang | Heavenly Demon | Father	Stabbed in the eye with a dagger by Xing Zhao, led by Huo Shanliang and the Heavenly Demon, orchestrated by Father (undone via Wu Hao's time travel)	undone	
723	Xing Zhao | Huo Shanliang | Heavenly Demon | Father	Belly torn through and stabbed in the skull with a dagger by Xing Zhao, led by Huo Shanliang and the Heavenly Demon, orchestrated by Father (undone via Wu Hao's time travel)	undone	
<4> deathsworn	Xing Zhao | Huo Shanliang | Heavenly Demon | Father	Torn through with dozens of cuts by Xing Zhao, led by Huo Shanliang and the Heavenly Demon, orchestrated by Father (undone via Wu Hao's time travel)	undone	
748	Xing Zhao | Huo Shanliang | Heavenly Demon | Father	Presumably killed by Xing Zhao, led by Huo Shanliang and the Heavenly Demon, orchestrated by Father (undone via Wu Hao's time travel)	undone	
720	Xing Zhao | Huo Shanliang | Heavenly Demon | Father	Presumably killed by Xing Zhao, led by Huo Shanliang and the Heavenly Demon, orchestrated by Father (undone via Wu Hao's time travel)	undone	
729	Xing Zhao | Huo Shanliang | Heavenly Demon | Father	Presumably killed by Xing Zhao, led by Huo Shanliang and the Heavenly Demon, orchestrated by Father (undone via Wu Hao's time travel)	undone	
Wu Hao	Xing Zhao | Huo Shanliang | Heavenly Demon | Father	Beheaded with a dagger by Xing Zhao, led by Huo Shanliang and the Heavenly Demon, orchestrated by Father (undone via Wu Hao's time travel)	undone	4

<1> deathsworn	Father	Heart exploded of qi reflux, due to Father's training (undone via Wu Hao's time travel)	undone	
726	Xing Zhao | Huo Shanliang | Heavenly Demon | Father	Neck cut with a dagger by Xing Zhao, led by Huo Shanliang and the Heavenly Demon, orchestrated by Father (undone via Wu Hao's time travel)	undone	
748	Xing Zhao | Huo Shanliang | Heavenly Demon | Father	Presumably killed by Xing Zhao, led by Huo Shanliang and the Heavenly Demon, orchestrated by Father (undone via Wu Hao's time travel)	undone	
720	Xing Zhao | Huo Shanliang | Heavenly Demon | Father	Presumably killed by Xing Zhao, led by Huo Shanliang and the Heavenly Demon, orchestrated by Father (undone via Wu Hao's time travel)	undone	
723	Xing Zhao | Huo Shanliang | Heavenly Demon | Father	Presumably killed by Xing Zhao, led by Huo Shanliang and the Heavenly Demon, orchestrated by Father (undone via Wu Hao's time travel)	undone	
729	Xing Zhao | Huo Shanliang | Heavenly Demon | Father	Presumably killed by Xing Zhao, led by Huo Shanliang and the Heavenly Demon, orchestrated by Father (undone via Wu Hao's time travel)	undone	
732	Xing Zhao | Huo Shanliang | Heavenly Demon | Father	Presumably killed by Xing Zhao, led by Huo Shanliang and the Heavenly Demon, orchestrated by Father (undone via Wu Hao's time travel)	undone	
759	Xing Zhao | Huo Shanliang | Heavenly Demon | Father	Presumably killed by Xing Zhao, led by Huo Shanliang and the Heavenly Demon, orchestrated by Father (undone via Wu Hao's time travel)	undone	
Wu Hao	Xing Zhao | Huo Shanliang | Heavenly Demon | Father	Stabbed in the skull, beheaded and cut into pieces with a dagger by Xing Zhao, led by Huo Shanliang and the Heavenly Demon, orchestrated by Father (undone via Wu Hao's time travel)	undone	5

Wu Hao	589	Neck broken by 589 (undone via Wu Hao's time travel)	undone	6

589	Wu Hao	Throat torn through with a dagger by Wu Hao (undone via Wu Hao's time travel)	undone	
Wu Hao	Father	Incinerated with Samadhi Fire by Father (undone via Wu Hao's time travel)	undone	7

Wu Hao	Liu Xijing	Stabbed through the forehead with a needle by Liu Xijing (undone via Wu Hao's time travel)	undone	8

726	Xing Zhao | Huo Shanliang | Heavenly Demon | Father	Throat slashed with a dagger by Xing Zhao, led by Huo Shanliang and the Heavenly Demon, orchestrated by Father (undone via Wu Hao's time travel)	undone	
723	Xing Zhao | Huo Shanliang | Heavenly Demon | Father	Stabbed in the back with a dagger by Xing Zhao, led by Huo Shanliang and the Heavenly Demon, orchestrated by Father (undone via Wu Hao's time travel)	undone	
720	Xing Zhao | Huo Shanliang | Heavenly Demon | Father	Presumably killed by Xing Zhao, led by Huo Shanliang and the Heavenly Demon, orchestrated by Father (undone via Wu Hao's time travel)	undone	
729	Xing Zhao | Huo Shanliang | Heavenly Demon | Father	Presumably killed by Xing Zhao, led by Huo Shanliang and the Heavenly Demon, orchestrated by Father (undone via Wu Hao's time travel)	undone	
732	Xing Zhao | Huo Shanliang | Heavenly Demon | Father	Presumably killed by Xing Zhao, led by Huo Shanliang and the Heavenly Demon, orchestrated by Father (undone via Wu Hao's time travel)	undone	
748	Xing Zhao | Huo Shanliang | Heavenly Demon | Father	Presumably killed by Xing Zhao, led by Huo Shanliang and the Heavenly Demon, orchestrated by Father (undone via Wu Hao's time travel)	undone	
759	Xing Zhao | Huo Shanliang | Heavenly Demon | Father	Presumably killed by Xing Zhao, led by Huo Shanliang and the Heavenly Demon, orchestrated by Father (undone via Wu Hao's time travel)	undone	
Wu Hao	Xing Zhao | Huo Shanliang | Heavenly Demon | Father	Stabbed in the heart with a dagger by Xing Zhao, led by Huo Shanliang and the Heavenly Demon, orchestrated by Father (undone via Wu Hao's time travel)	undone	9

723	Xing Zhao | Huo Shanliang | Heavenly Demon | Father	Stabbed with a dagger by Xing Zhao, led by Huo Shanliang and the Heavenly Demon, orchestrated by Father (undone via Wu Hao's time travel)	undone	
729	Xing Zhao | Huo Shanliang | Heavenly Demon | Father	Stabbed with a dagger by Xing Zhao, led by Huo Shanliang and the Heavenly Demon, orchestrated by Father (undone via Wu Hao's time travel)	undone	
732	Xing Zhao | Huo Shanliang | Heavenly Demon | Father	Stabbed with a dagger by Xing Zhao, led by Huo Shanliang and the Heavenly Demon, orchestrated by Father (undone via Wu Hao's time travel)	undone	
720	Xing Zhao | Huo Shanliang | Heavenly Demon | Father	Stabbed with a dagger by Xing Zhao, led by Huo Shanliang and the Heavenly Demon, orchestrated by Father (undone via Wu Hao's time travel)	undone	
726	Xing Zhao | Huo Shanliang | Heavenly Demon | Father	Presumably killed by Xing Zhao, led by Huo Shanliang and the Heavenly Demon, orchestrated by Father (undone via Wu Hao's time travel)	undone	
748	Xing Zhao | Huo Shanliang | Heavenly Demon | Father	Presumably killed by Xing Zhao, led by Huo Shanliang and the Heavenly Demon, orchestrated by Father (undone via Wu Hao's time travel)	undone	
759	Xing Zhao | Huo Shanliang | Heavenly Demon | Father	Presumably killed by Xing Zhao, led by Huo Shanliang and the Heavenly Demon, orchestrated by Father (undone via Wu Hao's time travel)	undone	
Wu Hao	Xing Zhao | Huo Shanliang | Heavenly Demon | Father	Stabbed in the lung with a dagger by Xing Zhao, led by Huo Shanliang and the Heavenly Demon, orchestrated by Father (undone via Wu Hao's time travel)	undone	10

{2} 720	Xing Zhao | Huo Shanliang | Heavenly Demon | Father	Presumably killed by Xing Zhao, led by Huo Shanliang and the Heavenly Demon, orchestrated by Father (undone via Wu Hao's time travel)	undone	
{2} 723	Xing Zhao | Huo Shanliang | Heavenly Demon | Father	Presumably killed by Xing Zhao, led by Huo Shanliang and the Heavenly Demon, orchestrated by Father (undone via Wu Hao's time travel)	undone	
{2} 726	Xing Zhao | Huo Shanliang | Heavenly Demon | Father	Presumably killed by Xing Zhao, led by Huo Shanliang and the Heavenly Demon, orchestrated by Father (undone via Wu Hao's time travel)	undone	
{2} 729	Xing Zhao | Huo Shanliang | Heavenly Demon | Father	Presumably killed by Xing Zhao, led by Huo Shanliang and the Heavenly Demon, orchestrated by Father (undone via Wu Hao's time travel)	undone	
{2} 732	Xing Zhao | Huo Shanliang | Heavenly Demon | Father	Presumably killed by Xing Zhao, led by Huo Shanliang and the Heavenly Demon, orchestrated by Father (undone via Wu Hao's time travel)	undone	
{2} 748	Xing Zhao | Huo Shanliang | Heavenly Demon | Father	Presumably killed by Xing Zhao, led by Huo Shanliang and the Heavenly Demon, orchestrated by Father (undone via Wu Hao's time travel)	undone	
{2} 759	Xing Zhao | Huo Shanliang | Heavenly Demon | Father	Presumably killed by Xing Zhao, led by Huo Shanliang and the Heavenly Demon, orchestrated by Father (undone via Wu Hao's time travel)	undone	
{2} Wu Hao	Xing Zhao | Huo Shanliang | Heavenly Demon | Father	Murdered with a dagger by Xing Zhao, led by Huo Shanliang and the Heavenly Demon, orchestrated by Father (undone via Wu Hao's time travel)	undone	11 to 12

720	Xing Zhao | Huo Shanliang | Heavenly Demon | Father	Presumably killed by Xing Zhao, led by Huo Shanliang and the Heavenly Demon, orchestrated by Father (undone via Wu Hao's time travel)	undone	
723	Xing Zhao | Huo Shanliang | Heavenly Demon | Father	Presumably killed by Xing Zhao, led by Huo Shanliang and the Heavenly Demon, orchestrated by Father (undone via Wu Hao's time travel)	undone	
726	Xing Zhao | Huo Shanliang | Heavenly Demon | Father	Presumably killed by Xing Zhao, led by Huo Shanliang and the Heavenly Demon, orchestrated by Father (undone via Wu Hao's time travel)	undone	
729	Xing Zhao | Huo Shanliang | Heavenly Demon | Father	Presumably killed by Xing Zhao, led by Huo Shanliang and the Heavenly Demon, orchestrated by Father (undone via Wu Hao's time travel)	undone	
732	Xing Zhao | Huo Shanliang | Heavenly Demon | Father	Presumably killed by Xing Zhao, led by Huo Shanliang and the Heavenly Demon, orchestrated by Father (undone via Wu Hao's time travel)	undone	
748	Xing Zhao | Huo Shanliang | Heavenly Demon | Father	Presumably killed by Xing Zhao, led by Huo Shanliang and the Heavenly Demon, orchestrated by Father (undone via Wu Hao's time travel)	undone	
759	Xing Zhao | Huo Shanliang | Heavenly Demon | Father	Presumably killed by Xing Zhao, led by Huo Shanliang and the Heavenly Demon, orchestrated by Father (undone via Wu Hao's time travel)	undone	
Wu Hao	Xing Zhao | Huo Shanliang | Heavenly Demon | Father	Murdered with a dagger by Xing Zhao, led by Huo Shanliang and the Heavenly Demon, orchestrated by Father (undone via Wu Hao's time travel)	undone	13

720	Xing Zhao | Huo Shanliang | Heavenly Demon | Father	Presumably killed by Xing Zhao, led by Huo Shanliang and the Heavenly Demon, orchestrated by Father (undone via Wu Hao's time travel)	undone	
723	Xing Zhao | Huo Shanliang | Heavenly Demon | Father	Presumably killed by Xing Zhao, led by Huo Shanliang and the Heavenly Demon, orchestrated by Father (undone via Wu Hao's time travel)	undone	
726	Xing Zhao | Huo Shanliang | Heavenly Demon | Father	Presumably killed by Xing Zhao, led by Huo Shanliang and the Heavenly Demon, orchestrated by Father (undone via Wu Hao's time travel)	undone	
729	Xing Zhao | Huo Shanliang | Heavenly Demon | Father	Presumably killed by Xing Zhao, led by Huo Shanliang and the Heavenly Demon, orchestrated by Father (undone via Wu Hao's time travel)	undone	
732	Xing Zhao | Huo Shanliang | Heavenly Demon | Father	Presumably killed by Xing Zhao, led by Huo Shanliang and the Heavenly Demon, orchestrated by Father (undone via Wu Hao's time travel)	undone	
748	Xing Zhao | Huo Shanliang | Heavenly Demon | Father	Presumably killed by Xing Zhao, led by Huo Shanliang and the Heavenly Demon, orchestrated by Father (undone via Wu Hao's time travel)	undone	
759	Xing Zhao | Huo Shanliang | Heavenly Demon | Father	Presumably killed by Xing Zhao, led by Huo Shanliang and the Heavenly Demon, orchestrated by Father (undone via Wu Hao's time travel)	undone	
Wu Hao	Xing Zhao | Huo Shanliang | Heavenly Demon | Father	Stabbed through the chest with a dagger by Xing Zhao, led by Huo Shanliang and the Heavenly Demon, orchestrated by Father (undone via Wu Hao's time travel)	undone	14

{3} 720	Xing Zhao | Huo Shanliang | Heavenly Demon | Father	Presumably killed by Xing Zhao, led by Huo Shanliang and the Heavenly Demon, orchestrated by Father (undone via Wu Hao's time travel)	undone	
{3} 723	Xing Zhao | Huo Shanliang | Heavenly Demon | Father	Presumably killed by Xing Zhao, led by Huo Shanliang and the Heavenly Demon, orchestrated by Father (undone via Wu Hao's time travel)	undone	
{3} 726	Xing Zhao | Huo Shanliang | Heavenly Demon | Father	Presumably killed by Xing Zhao, led by Huo Shanliang and the Heavenly Demon, orchestrated by Father (undone via Wu Hao's time travel)	undone	
{3} 729	Xing Zhao | Huo Shanliang | Heavenly Demon | Father	Presumably killed by Xing Zhao, led by Huo Shanliang and the Heavenly Demon, orchestrated by Father (undone via Wu Hao's time travel)	undone	
{3} 732	Xing Zhao | Huo Shanliang | Heavenly Demon | Father	Presumably killed by Xing Zhao, led by Huo Shanliang and the Heavenly Demon, orchestrated by Father (undone via Wu Hao's time travel)	undone	
{3} 748	Xing Zhao | Huo Shanliang | Heavenly Demon | Father	Presumably killed by Xing Zhao, led by Huo Shanliang and the Heavenly Demon, orchestrated by Father (undone via Wu Hao's time travel)	undone	
{3} 759	Xing Zhao | Huo Shanliang | Heavenly Demon | Father	Presumably killed by Xing Zhao, led by Huo Shanliang and the Heavenly Demon, orchestrated by Father (undone via Wu Hao's time travel)	undone	
{2} Wu Hao	Xing Zhao | Huo Shanliang | Heavenly Demon | Father	Murdered with a dagger by Xing Zhao, led by Huo Shanliang and the Heavenly Demon, orchestrated by Father (undone via Wu Hao's time travel)	undone	twice between 15 and 17
Wu Hao	Wu Hao | Xing Zhao | Huo Shanliang | Heavenly Demon | Father	Accidentally blew himself up whilst fighting Xing Zhao, led by Huo Shanliang and the Heavenly Demon, orchestrated by Father (undone via Wu Hao's time travel)	undone	once between 15 and 17

720	Xing Zhao | Huo Shanliang | Heavenly Demon | Father	Presumably killed by Xing Zhao, led by Huo Shanliang and the Heavenly Demon, orchestrated by Father (undone via Wu Hao's time travel)	undone	
723	Xing Zhao | Huo Shanliang | Heavenly Demon | Father	Presumably killed by Xing Zhao, led by Huo Shanliang and the Heavenly Demon, orchestrated by Father (undone via Wu Hao's time travel)	undone	
726	Xing Zhao | Huo Shanliang | Heavenly Demon | Father	Presumably killed by Xing Zhao, led by Huo Shanliang and the Heavenly Demon, orchestrated by Father (undone via Wu Hao's time travel)	undone	
729	Xing Zhao | Huo Shanliang | Heavenly Demon | Father	Presumably killed by Xing Zhao, led by Huo Shanliang and the Heavenly Demon, orchestrated by Father (undone via Wu Hao's time travel)	undone	
748	Xing Zhao | Huo Shanliang | Heavenly Demon | Father	Presumably killed by Xing Zhao, led by Huo Shanliang and the Heavenly Demon, orchestrated by Father (undone via Wu Hao's time travel)	undone	
759	Xing Zhao | Huo Shanliang | Heavenly Demon | Father	Presumably killed by Xing Zhao, led by Huo Shanliang and the Heavenly Demon, orchestrated by Father (undone via Wu Hao's time travel)	undone	
732	Xing Zhao | Huo Shanliang | Heavenly Demon | Father	Stabbed in the heart with a dagger by Xing Zhao, led by Huo Shanliang and the Heavenly Demon, orchestrated by Father (undone via Wu Hao's time travel)	undone	
Xing Zhao	Wu Hao | Bai Jing | Father	Cut down with a knife by Wu Hao on orders from Bai Jing, led by Father (undone via Wu Hao's time travel)	undone	
<3+> Righteous Fist's entourage	Ling Yu | Huo Shanliang | Heavenly Demon	Murdered by Ling Yu and her team, led by Huo Shanliang and the Heavenly Demon (several mentioned) (undone via Wu Hao's time travel)	undone	
<3+> Heavenly Demon Cultists	Righteous Fist	Murdered by the Righteous Fist (several mentioned) (undone via Wu Hao's time travel)	undone	
Wu Hao	Huo Shanliang | Heavenly Demon	Head cleaved from his shoulders, limbs torn apart and chest carved with daggers by Huo Shanliang, led by the Heavenly Demon (undone via Wu Hao's time travel)	undone	18

726	Bai Jing | Wu Hao	Neck broken with a mace by Bai Jing after being losing a fight against Wu Hao (undone via Wu Hao's time travel)	undone	
Wu Hao	Bai Jing	Crushed with a mace by Bai Jing (undone via Wu Hao's time travel)	undone	19

729	Du Linglong	Presumably murdered by Du Linglong (undone via Wu Hao's time travel)	undone	
Boss Lu	720 | 723 | 726 | 732 | Bai Jing | Father	Murdered by 720, 723, 726 and/or 732 on orders from Bai Jing, led by Father (undone via Wu Hao's time travel)	undone	
<3+> Diancang Sect porters	720 | 723 | 726 | 732 | Bai Jing | Father	Murdered by 720, 723, 726 and/or 732 on orders from Bai Jing, led by Father (several mentioned) (undone via Wu Hao's time travel)	undone	
Wu Hao	Du Linglong	Back broken and bled out when slashed into the ground by Du Linglong (undone via Wu Hao's time travel)	undone	20

Wu Hao	Ke Shuang	Ash blasted out of every pore after having his qi extracted by Ke Shuang (undone via Wu Hao's time travel)	undone	21

726	726 | Bai Jing	Blew himself up by breaking his qi filter on orders from Bai Jing (undone via Wu Hao's time travel)	undone	
Wu Hao	726 | Bai Jing	Blown up via a qi overload by 726 on orders from Bai Jing (undone via Wu Hao's time travel)	undone	22

Du Linglong	Ke Shuang	Massacred by Ke Shuang (undone via Wu Hao's time travel)	undone	
<3+> Diancang Sect porters	Ke Shuang	Massacred by Ke Shuang (several mentioned) (undone via Wu Hao's time travel)	undone	
Boss Lu	Ke Shuang	Presumably massacred by Ke Shuang (undone via Wu Hao's time travel)	undone	
Ke Jiazhong	Ke Shuang	Presumably massacred by Ke Shuang (undone via Wu Hao's time travel)	undone	
Wu Hao	Bai Jing	Crushed with a mace by Bai Jing (undone via Wu Hao's time travel)	undone	23

Bai Jing	Ke Jiaming	Frozen and shattered into gore by Ke Jiaming (undone via Wu Hao's time travel)	undone	
<3+> Diancang Sect porters	Ke Jiaming	Frozen and shattered into gore by Ke Jiaming (several mentioned) (undone via Wu Hao's time travel)	undone	
Boss Lu	Ke Jiaming	Frozen and shattered into gore by Ke Jiaming (undone via Wu Hao's time travel)	undone	
720	Ke Jiaming	Frozen and shattered into gore by Ke Jiaming (undone via Wu Hao's time travel)	undone	
723	Ke Jiaming	Frozen and shattered into gore by Ke Jiaming (undone via Wu Hao's time travel)	undone	
726	Ke Jiaming	Frozen and shattered into gore by Ke Jiaming (undone via Wu Hao's time travel)	undone	
729	Ke Jiaming	Frozen and shattered into gore by Ke Jiaming (undone via Wu Hao's time travel)	undone	
732	Ke Jiaming	Frozen and shattered into gore by Ke Jiaming (undone via Wu Hao's time travel)	undone	
Du Linglong	Ke Jiaming	Frozen by Ke Jiaming (undone via Wu Hao's time travel)	undone	
Wu Hao	Ke Shuang | Ke Jiaming	Ash blasted out of every pore after having his qi extracted by Ke Shuang on orders from Ke Jiaming (undone via Wu Hao's time travel)	undone	24

648	Wu Hao	Blown up in a suicidal attack by Wu Hao (undone via Wu Hao's time travel)	undone	
Wu Hao	Wu Hao | Father | 648	Blew himself up to prevent being tortured by Father while held by 648 (undone via Wu Hao's time travel)	undone	25

{2,535} Wu Hao	Wu Hao	Blew his own head off with a qi overload (undone via Wu Hao's time travel)	undone	26 to 2560

<1> bandit	Wu Hao	Stabbed multiple times by Wu Hao (undone via Wu Hao's time travel)	undone	
Wu Hao	Boss Li	Slashed with a saber by Boss Li (undone via Wu Hao's time travel)	undone	2561

Boss Li	Wu Hao	Throat slit with a knife by Wu Hao
<3+> bandits	Wu Hao	Slashed with a knife by Wu Hao (several mentioned)

Wu Hao	Wu Hao	Shredded to pieces after throwing himself on a guard's saber (undone via Wu Hao's time travel)	undone	2562

Wu Hao		Speared to the floor by an arrow of qi triggered by an array within the library











