character	killed by	death	type	storyline


players :

Riley Lawrence
Camden Tran
Anna Reed
Antoine Stone
Kimberly Madison
Jeffrey Tethers
Boom
Bobby Gill
Janette Gill
Valorie Choi
Todd Corrigan
Arthur Clayton
Christian Stone
Dina Cano
Adeline Winter
Travis Haley
Vernon Haley
Grace
Jesse
Reggie
Lee
Roxy
Lara
Jordan
Lukas Lewandowski
Garrett
Hannah Barker
Samuel Wheeler
Bella
Oliver
Ethan
Peter
Ethan Jacobs / Winston Ashwood
Tory
Manuel
Jessica
Zoe Paulson
Mark
Dirk
Jose
Carl
Trudy
Amelia Trenton
Cordelia
William Winter
Curtis
Brent Henderson
Miles
Jenny
Zara Fitzgerald
Leopold Abernathy
Gordy Trammell
Megan Davis
Nia Mitchell
Percy
Angela
Gus
Benji


NPCs :

Samantha Cole
Judy
Anastasia Halle
Chuck Treglio
Wilbur Jenkins
Evan
Russel Johnson / Ruck Johnson
Amber
Robin Roeper
Kevin
Mark (Delta Epsilon Delta)
Ricky
Lewinsky
Marcus Blackwood
Peters
Birch
Nelly Birch
Nathan
Donald
Sally
Jocelyn
Celia Dane
Eugene
Taron Bellows
Rudy
Jake
Roberta
Edgar Barns
Norman Barns
Nicholas Hesper
Austin
Pietro
Jaime
Thadeus
Gary
Gerald Hesper
Corey
Martha Hesper
Walter Akers
Douglas Akers / Old Man Akers
Timothy Akers
Mark (Campfire Storyline)
Theodore Akers
Brent Henderson
Esther Akers
Jeffrey
Cooky
Constance Barlow
Gloria
Nancy Cartwright
Truman Mentes
Rowe
Bethany Mercer
Logan Mercer
Paul Kimble
Sherry Mercer
Steven Mercer
Rolf
Barb
Thornton Thomas
KRSL Commander
Eloise Mercer
Cosmo Mercer
Silvia Mercer
Barret
Jack Goforth / Mr. Flamingo
Mary Lee Parrish / Ms. Opaline
Mr. Chromatic
Ms. Emerald
Ms. Forget-Me-Not
Mr. Gray Amber
Mr. Buttercup
Ms. Iris
Mrs. Cloudburst
Cristobal
Ms. Swan Song
Mr. Moonrock
Mrs. Midnight
Mr. Midnight
Ms. Monarch
Mr. Evergreen
Mr. Red Rock
Mr. Oakheart
Mr. Pewter
Mrs. Rosemary
Ms. Sassafras
Eliza Patcher
Joshua Patcher
Randall Halloway
Bradley Speirs
Tank
Merritt Speirs
Tim
Martha Montresor
Ned Montresor
Ford
Hart
Greene
Daphne Sinclair / Homibride
Franklin
Adrian Vale
Jedediah Geist
Bonnie Hayworth
Barker
Wanda


killers :

Benny the Haunted Scarecrow
Suzy Snyder
Simon Halle / Astralist
Grotesque Leader
Mysterious Gentleman
Unknowable Host
Mercer Poltergeist / Mercer-Psychokinetic Entity / Distortion
Bloat
Samaritan
Bog Brothers
Generation Killer
Alienist
Highwayman


others :

Cindy Martens
Archie Henderson
Marideth Baker
Tina Trammell
Damon


storylines :

The Final Straw II
The Astralist
Delta Epsilon Delta
The Grotesque
Antemortem
Even More Stories from the Campfire: Fatal Folktales
Subject of Inquiry
The Black Snow
Headhuntress Reborn
Preservation
The Strings Attached
Eleven-Year Reunion: The Black Snow
Head Below Water: The Black Snow
Parazoid Protocol: The Black Snow
Post-Traumatic
Permanent Vacancy
Homibridal Part III: Widow's Peak


lore :

Riley Lawrence's father		Died from unknown causes		
Riley Lawrence's mother		Died from unknown causes		
Riley Lawrence's grandfather		Died from natural causes		
Molly Lawrence		Died from natural causes		
Bartholomew Geist ?
Carlyle Geist ?
Cherise Geist ?
Ramona Mercer		Died from unknown causes on August 5, 1992		
<3+> Roxy's friends	Rulekeeper	Murdered with an axe by the Rulekeeper (several mentioned)		
Sean Cano		Died of cancer		
Lukas Lewandowski		Died in an unknown storyline to obtain his aspect (resurrected at the end of the storyline)	revived	
Zoe Paulson		Died in an unknown storyline at the mall (missing poster appeared)		
Mary Lee Parrish		Murdered by a serial killer during an unknown storyline (resurrected at the end of the storyline)	revived	
Mary Lee Parrish		Eaten by a monster during an unknown storyline (resurrected at the end of the storyline)	revived	
Trudy	Rulekeeper	Murdered with an axe by the Rulekeeper		
Mark	Alienist	Murdered alongside his team by the Alienist (missing poster appeared)		
<3+> Mark's team	Alienist	Wiped out by the Alienist (group mentioned) (missing poster appeared)		
<3+> group of friendlies		Wiped out during an unknown storyline (group mentioned) (missing poster appeared)		
<3+> strong group members	Highwayman	Wiped out by the Highwayman (group mentioned) (missing poster appeared)		
<36+> players	Insider	Murdered during unknown storylines, orchestrated by the Insider (several dozens mentioned) (missing poster appeared)		
<2+> Soul Eaters	Curtis | Amelia Trenton	Slain by Curtis and Amelia Trenton during an unknown storyline (plural) (resurrected at the end of the storyline)	revived	
Amelia Trenton	Amelia Trenton	Let herself be devoured by a monster plant as part of her and Curtis's plan (missing poster appeared)		
Curtis	Curtis	Let himself be slain during an unknown storyline as part of his and Amelia Trenton's plan (missing poster appeared)		


deaths :

Dina Cano	Benny the Haunted Scarecrow | Dina Cano	Beheaded with a sickle by Benny the Haunted Scarecrow, orchestrated by herself to see if death truly is temporary in Carousel (resurrected at the end of the storyline)	revived	The Final Straw II
Bobby Gill	Benny the Haunted Scarecrow	Beheaded with a sickle by Benny the Haunted Scarecrow (resurrected at the end of the storyline)	revived	The Final Straw II
Janette Gill	Benny the Haunted Scarecrow	Beheaded with a sickle by Benny the Haunted Scarecrow (resurrected at the end of the storyline)	revived	The Final Straw II

<36+> people	Astralist	Souls separated from their body using the Mirror of Stars by the Astralist (three dozens mentioned) (eventually resurrected as zombies possessed by the Astralist) (resurrected at the end of the storyline)	undead | revived	The Astralist
Anastasia Halle	Simon Halle | Anastasia Halle	Soul willingly separated from her body using the Mirror of Stars by Simon Halle (eventually resurrected as a zombie possessed by the Astralist) (resurrected at the end of the storyline)	undead | revived	The Astralist
Chuck Treglio	Astralist	Soul separated from his body using the Mirror of Stars by the Astralist (eventually resurrected as a zombie possessed by the Astralist) (resurrected at the end of the storyline)	undead | revived	The Astralist
Wilbur Jenkins	Astralist	Soul separated from his body using the Mirror of Stars by the Astralist (eventually resurrected as a zombie possessed by the Astralist) (resurrected at the end of the storyline)	undead | revived	The Astralist
Judy	Astralist	Soul separated from her body using the Mirror of Stars by the Astralist (eventually resurrected as a zombie possessed by the Astralist) (resurrected at the end of the storyline)	undead | revived	The Astralist
Astralist	Camden Tran	Soul separated from body when hit with a flask of phlogistic gum thrown by Camden Tran (resurrected at the end of the storyline)	revived	The Astralist
Chuck Treglio	Riley Lawrence | Camden Tran	Covered in alcohol and incinerated when pushed unto a stove by Riley Lawrence, orchestrated by Camden Tran (resurrected at the end of the storyline)	revived	The Astralist
<36+> zombies	Riley Lawrence | Camden Tran | Anna Reed | Antoine Stone	Incinerated by Riley Lawrence, Camden Tran, Anna Reed and Antoine Stone (count of seen bodies) (resurrected at the end of the storyline)	revived	The Astralist
Wilbur Jenkins	Riley Lawrence | Camden Tran | Anna Reed | Antoine Stone	Incinerated by either Riley Lawrence, Camden Tran, Anna Reed or Antoine Stone alongside the other zombies (resurrected at the end of the storyline)	revived	The Astralist
Anastasia Halle	Camden Tran	Incinerated with a Bunsen burner by Camden Tran (resurrected at the end of the storyline)	revived	The Astralist

Nelly Birch	Nathan	Accidentally ran over by Nathan (resurrected at the end of the storyline)	revived	Delta Epsilon Delta
Ruck Johnson	Nathan	Stabbed with a knife by Nathan (resurrected at the end of the storyline)	revived	Delta Epsilon Delta
Mark	Nathan	Stabbed with a knife by Nathan (resurrected at the end of the storyline)	revived	Delta Epsilon Delta
Camden Tran	Nathan	Stabbed multiple times with a knife by Nathan (resurrected at the end of the storyline)	revived	Delta Epsilon Delta
Evan	Nathan	Stabbed with a knife by Nathan (resurrected at the end of the storyline)	revived	Delta Epsilon Delta
Nathan	Anna Reed | Antoine Stone | Riley Lawrence	Drowned in a pool he fell in when Anna Reed struck him with a nightstand, after falling on his own knife when pushed on a decrepit balcony by Antoine Stone, lured there by Riley Lawrence (resurrected at the end of the storyline)	revived	Delta Epsilon Delta

Ruck Johnson	Evan	Stabbed with a knife by Evan in a previous version of the storyline (resurrected at the end of the storyline)	revived	Delta Epsilon Delta
Ruck Johnson	Evan	Stabbed with a knife by Evan in a previous version of the storyline (resurrected at the end of the storyline)	revived	Delta Epsilon Delta
Ruck Johnson		Stabbed with a knife by one of the football players in a previous version of the storyline (resurrected at the end of the storyline)	revived	Delta Epsilon Delta

<400+> unintelligent Grotesques	Donald	Smashed with a hammer by Donald (hundreds upon hundreds mentioned) (resurrected at the end of the storyline)	revived	The Grotesque
<1> Grotesque	Arthur Clayton	Head blown off with a shotgun by Arthur Clayton (resurrected at the end of the storyline)	revived	The Grotesque
<1> Grotesque	Arthur Clayton	Arm blown off with a shotgun by Arthur Clayton (resurrected at the end of the storyline)	revived	The Grotesque
Janette Gill	Rulekeeper	Cleaved in half from shoulder to waist with an axe by the Rulekeeper		The Grotesque
<1> Grotesque	Arthur Clayton	Head blown off with a shotgun by Arthur Clayton (resurrected at the end of the storyline)	revived	The Grotesque
<1> Grotesque	Arthur Clayton	Arm blown off with a shotgun by Arthur Clayton (resurrected at the end of the storyline)	revived	The Grotesque
<1> Grotesque	Arthur Clayton	Head blown off with a shotgun by Arthur Clayton (resurrected at the end of the storyline)	revived	The Grotesque
Roxy	Grotesque Leader | Roxy	Murdered by a Grotesque, led by the Grotesque Leader, orchestrated by herself as a sacrifice play (resurrected at the end of the storyline)	revived	The Grotesque
<48+> festival goers	Grotesque Leader	Massacred by the Grotesques, led by the Grotesque Leader (dozens and dozens mentioned) (resurrected at the end of the storyline)	revived	The Grotesque
<1> Grotesque	Reggie | Riley Lawrence	Shattered to pieces with a sledgehammer by Reggie after being turned to stone with a beam of light by Riley Lawrence (resurrected at the end of the storyline)	revived	The Grotesque
<1> Grotesque	Reggie | Arthur Clayton	Shattered to pieces with a sledgehammer by Reggie after being turned to stone with a beam of light by Arthur Clayton (resurrected at the end of the storyline)	revived	The Grotesque
<3+> Grotesques	Reggie | Riley Lawrence	Shattered to pieces with a sledgehammer by Reggie after being turned to stone with a beam of light by Riley Lawrence (several mentioned) (resurrected at the end of the storyline)	revived	The Grotesque
<3+> Grotesques	Reggie | Arthur Clayton	Shattered to pieces with a sledgehammer by Reggie after being turned to stone with a beam of light by Arthur Clayton (several mentioned) (resurrected at the end of the storyline)	revived	The Grotesque
<1> intelligent Grotesque	Reggie | Riley Lawrence | Arthur Clayton	Shattered to pieces with a sledgehammer by Reggie after being turned to stone with beams of light by Riley Lawrence and Arthur Clayton (resurrected at the end of the storyline)	revived	The Grotesque
Reggie	Arthur Clayton | Grotesque Leader | Reggie	Shot in the head by Arthur Clayton as a mercy kill after willingly letting himself be mauled by Grotesques, led by the Grotesque Leader, orchestrated by himself as a sacrifice play (resurrected at the end of the storyline)	revived	The Grotesque
<3+> Grotesques	Riley Lawrence | Arthur Clayton | Valorie Choi	Destroyed with hammers by Riley Lawrence, Arthur Clayton and Valorie Choi (several mentioned) (resurrected at the end of the storyline)	revived	The Grotesque
<1> Grotesque	Valorie Choi | Arthur Clayton	Head blown off with a shotgun by Valorie Choi while turned to stone with a beam of light by Arthur Clayton (resurrected at the end of the storyline)	revived	The Grotesque
<3+> Grotesques	Riley Lawrence	Shattered to pieces with a hammer by Riley Lawrence (several mentioned) (resurrected at the end of the storyline)	revived	The Grotesque
<3+> Grotesques	Valorie Choi	Shot to pieces with a handgun by Valorie Choi (several mentioned) (resurrected at the end of the storyline)	revived	The Grotesque
<3+> Grotesques	Arthur Clayton	Shot to pieces with a handgun by Arthur Clayton (several mentioned) (resurrected at the end of the storyline)	revived	The Grotesque
<1> Grotesque	Valorie Choi	Shattered to pieces with a hammer by Valorie Choi (resurrected at the end of the storyline)	revived	The Grotesque
Donald	Grotesque Leader | Riley Lawrence | Arthur Clayton | Valorie Choi | Reggie	Mauled by Grotesques, led by the Grotesque Leader, after being left tied up by Riley Lawrence, Arthur Clayton, Valorie Choi and Reggie (resurrected at the end of the storyline)	revived	The Grotesque
<1> Grotesque	Arthur Clayton	Shot to pieces with a handgun by Arthur Clayton (resurrected at the end of the storyline)	revived	The Grotesque
<1> Grotesque	Valorie Choi | Arthur Clayton	Shot by Valorie Choi after being lit on fire with a molotov cocktail by Arthur Clayton (resurrected at the end of the storyline)	revived	The Grotesque
<1> flying Grotesque	Arthur Clayton	Shattered into pieces after being shot with a flare gun by Arthur Clayton (resurrected at the end of the storyline)	revived	The Grotesque
<1> flying Grotesque	Arthur Clayton	Shattered into pieces after being lit on fire with a molotov cocktail by Arthur Clayton (resurrected at the end of the storyline)	revived	The Grotesque
<1> Grotesque	Arthur Clayton	Shattered into pieces after being shot with a flare gun by Arthur Clayton (resurrected at the end of the storyline)	revived	The Grotesque
Riley Lawrence	Arthur Clayton | Valorie Choi | Riley Lawrence | Grotesque Leader	Shot in the head as a mercy kill by Arthur Clayton or Valorie Choi after setting himself on fire with a molotov cocktail while fatally wounded by the Grotesque Leader (resurrected at the end of the storyline)	revived	The Grotesque
Grotesque Leader	Arthur Clayton | Valorie Choi | Riley Lawrence	Shot to pieces by Arthur Clayton and Valorie Choi after being lit on fire with a molotov cocktail by Riley Lawrence (resurrected at the end of the storyline)	revived	The Grotesque

Mysterious Gentleman	Eugene	Shot in the head with a shotgun by Eugene (resurrected at the end of the storyline)	revived	Antemortem

Unknowable Host		Died from unknown causes (resurrected at the end of the storyline)	revived	Even More Stories from the Campfire: Fatal Folktales
Gerald Hesper	Corey | Unknowable Host | Kimberly Madison	Drowned within the flooded mine when Corey broke the water pump on orders from the Unknowable Host, after being trapped in an elevator by Kimberly Madison (resurrected at the end of the storyline)	revived	Even More Stories from the Campfire: Fatal Folktales
<3> Gerald Hesper's guards	Corey | Unknowable Host | Kimberly Madison	Drowned within the flooded mine when Corey broke the water pump on orders from the Unknowable Host, after being trapped in an elevator by Kimberly Madison (resurrected at the end of the storyline)	revived	Even More Stories from the Campfire: Fatal Folktales
<3> settlers	Unknowable Host | Douglas Akers	Murdered by Cloven Women on orders from the Unknowable Host, due to Douglas Akers' wish (resurrected at the end of the storyline)	revived	Even More Stories from the Campfire: Fatal Folktales
Jeffrey	Unknowable Host | Douglas Akers	Crushed by a Cloven Woman on orders from the Unknowable Host, due to Douglas Akers' wish (resurrected at the end of the storyline)	revived	Even More Stories from the Campfire: Fatal Folktales
<1> man	Unknowable Host | Douglas Akers	Crushed in the darkness by a Cloven Woman on orders from the Unknowable Host, due to Douglas Akers' wish (resurrected at the end of the storyline)	revived	Even More Stories from the Campfire: Fatal Folktales
<3+> men	Unknowable Host | Douglas Akers	Crushed in the darkness by Cloven Women on orders from the Unknowable Host, due to Douglas Akers' wish (several mentioned) (resurrected at the end of the storyline)	revived	Even More Stories from the Campfire: Fatal Folktales
<1> red-bearded man	Unknowable Host | Douglas Akers	Head stomped on by a Cloven Woman on orders from the Unknowable Host, due to Douglas Akers' wish (resurrected at the end of the storyline)	revived	Even More Stories from the Campfire: Fatal Folktales
<3+> men	Unknowable Host | Douglas Akers	Stomped on by Cloven Women on orders from the Unknowable Host, due to Douglas Akers' wish (several mentioned) (resurrected at the end of the storyline)	revived	Even More Stories from the Campfire: Fatal Folktales
Walter Akers	Unknowable Host | Douglas Akers	Chest stomped on by a Cloven Woman on orders from the Unknowable Host, due to Douglas Akers' wish (resurrected at the end of the storyline)	revived	Even More Stories from the Campfire: Fatal Folktales
<1> Cloven Woman	Riley Lawrence | Dina Cano	Shot in the eye with a musket by Riley Lawrence and stabbed through the back with a pitchfork by Dina Cano (resurrected at the end of the storyline)	revived	Even More Stories from the Campfire: Fatal Folktales
<3+> Lord's Glory settlers	Unknowable Host | Douglas Akers	Stomped on by Cloven Women on orders from the Unknowable Host, due to Douglas Akers' wish (several mentioned) (resurrected at the end of the storyline)	revived	Even More Stories from the Campfire: Fatal Folktales
<60+> Lord's Glory men	Unknowable Host | Douglas Akers	Murdered by Cloven Women on orders from the Unknowable Host, due to Douglas Akers' wish (2 men for every woman, 30 women mentioned) (resurrected at the end of the storyline)	revived	Even More Stories from the Campfire: Fatal Folktales
Rudy	Unknowable Host	Torn to pieces by the Unknowable Host's possessed (resurrected at the end of the storyline)	revived	Even More Stories from the Campfire: Fatal Folktales
Jake	Unknowable Host	Torn to pieces by the Unknowable Host's possessed (resurrected at the end of the storyline)	revived	Even More Stories from the Campfire: Fatal Folktales

Eloise Mercer		Died from unknown causes (resurrected at the end of the storyline)	revived	Subject of Inquiry
Cosmo Mercer		Died from unknown causes (resurrected at the end of the storyline)	revived	Subject of Inquiry
Silvia Mercer		Died from unknown causes (resurrected at the end of the storyline)	revived	Subject of Inquiry
Barret		Died from unknown causes (resurrected at the end of the storyline)	revived	Subject of Inquiry
<1> bank assailant	Distortion | Paul Kimble	Murdered by the Distortion, accidentally summoned by Paul Kimble		Subject of Inquiry
Barb	Distortion	Murdered by the Distortion (resurrected at the end of the storyline)	revived	Subject of Inquiry
<1> Camden's supervisor	Distortion	Chest and ribs destroyed by the Distortion (resurrected at the end of the storyline)	revived	Subject of Inquiry
<1> lab tech	Distortion	Murdered by the Distortion (resurrected at the end of the storyline)	revived	Subject of Inquiry
<3> lab techs	Distortion	Murdered by the Distortion (resurrected at the end of the storyline)	revived	Subject of Inquiry
<3+> lab techs	Distortion	Murdered by the Distortion (several mentioned) (resurrected at the end of the storyline)	revived	Subject of Inquiry
Rowe	Distortion	Murdered by the Distortion (resurrected at the end of the storyline)	revived	Subject of Inquiry
<3+> employees	Distortion	Murdered by the Distortion (several mentioned) (resurrected at the end of the storyline)	revived	Subject of Inquiry
Truman Mentes	Distortion	Throat slashed and stomach gouged open by the Distortion (resurrected at the end of the storyline)	revived	Subject of Inquiry
<30+> KRSL employees	Distortion	Murdered by the Distortion (count mentioned) (resurrected at the end of the storyline)	revived	Subject of Inquiry
Riley Lawrence	Distortion | Riley Lawrence	Throat bitten out by the Distortion, orchestrated by himself as a sacrifice play (resurrected at the end of the storyline)	revived	Subject of Inquiry
Paul Kimble	Distortion | Riley Lawrence	Murdered by the Distortion via Riley Lawrence's attack (resurrected at the end of the storyline)	revived	Subject of Inquiry
Nancy Cartwright	Distortion	Murdered by the Distortion (resurrected at the end of the storyline)	revived	Subject of Inquiry
<3+> KRSL agents	Distortion	Murdered by the Distortion (several mentioned) (resurrected at the end of the storyline)	revived	Subject of Inquiry
<1> KRSL agent	Antoine Stone	Shot in the face with a handgun by Antoine Stone (resurrected at the end of the storyline)	revived	Subject of Inquiry
<1> KRSL agent	Antoine Stone	Shot in the neck with a handgun by Antoine Stone (resurrected at the end of the storyline)	revived	Subject of Inquiry
<3> KRSL agents	Distortion | Anna Reed	Cut into ribbons by the Distortion, orchestrated by Anna Reed (resurrected at the end of the storyline)	revived	Subject of Inquiry
<2> KRSL agents	Distortion | Anna Reed	Skewered by the Distortion, orchestrated by Anna Reed (resurrected at the end of the storyline)	revived	Subject of Inquiry
Anna Reed	KRSL Commander	Shot in the head by a KRSL agent on orders from the KRSL Commander (resurrected at the end of the storyline)	revived	Subject of Inquiry
<3> KRSL agents	KRSL Commander	Shot in the head by the KRSL Commander (resurrected at the end of the storyline)	revived	Subject of Inquiry
KRSL Commander	KRSL Commander	Shot in the head by one of the KRSL agents on his own indirect orders (resurrected at the end of the storyline)	revived	Subject of Inquiry

Ms. Monarch	Mr. Red Rock | Mr. Midnight	Throat slit with a knife by Mr. Red Rock on orders from Mr. Midnight (resurrected at the end of the storyline)	revived	The Strings Attached
Riley Lawrence	Riley Lawrence	Bled out after inflicting fatal injuries on himself in order to resist possession (resurrected at the end of the storyline)	revived	The Strings Attached

<40+> people		Crushed and suffocated during the 1996 Carousel Summer Days Stampede (count mentioned) (resurrected at the end of the storyline)	revived	Post-Traumatic
<3+> college kids		Murdered during the 2010 Red Hills Massacre (several mentioned) (resurrected at the end of the storyline)	revived	Post-Traumatic

<1> giant snake		Murdered by whatever it ate during the Black Snow Storm (resurrected at the end of the storyline)	revived	The Black Snow
<24+> humans, dogs and rats	Bloat	Devoured by the Bloat during the Black Snow Storm (dozens mentioned) (resurrected at the end of the storyline)	revived	The Black Snow
<3+> Head Below Water players		Perished during the Black Snow Storm (group mentioned) (missing poster appeared)		The Black Snow
<3+> Eleven-Year Reunion players		Perished during the Black Snow Storm (group mentioned) (missing poster appeared)		The Black Snow
Reggie	Reggie	Caught in the Black Snow Storm after purposefully staying behind as a sacrifice play for Anna and Camden (missing poster appeared)		The Black Snow
Tory		Died in an unknown storyline during the Black Snow Storm (missing poster appeared)		The Black Snow
Mark		Died in an unknown storyline during the Black Snow Storm (missing poster appeared)		The Black Snow
Vernon Haley		Died in an unknown storyline during the Black Snow Storm (missing poster appeared)		The Black Snow
Dirk		Died in an unknown storyline during the Black Snow Storm (missing poster appeared)		The Black Snow
Jesse		Died in an unknown storyline during the Black Snow Storm (missing poster appeared)		The Black Snow
Bella		Died in an unknown storyline during the Black Snow Storm (missing poster appeared)		The Black Snow
Travis Haley		Died in an unknown storyline during the Black Snow Storm (missing poster appeared)		The Black Snow
Jose		Died in an unknown storyline during the Black Snow Storm (missing poster appeared)		The Black Snow

Camden Tran	Generation Killer	Presumably murdered by the Generation Killer (missing poster appeared)		Post-Traumatic
Anna Reed	Generation Killer	Presumably murdered by the Generation Killer (missing poster appeared)		Post-Traumatic

Kimberly Madison	Bradley Speirs	Shot by Bradley Speirs and came back as the Avenging Dead (resurrected at the end of the storyline)	undead | revived	Permanent Vacancy
<1> dog	Bradley Speirs	Shot by Bradley Speirs and came back as the Avenging Dead (resurrected at the end of the storyline)	undead | revived	Permanent Vacancy
<200+> people		Died and eventually came back as the Avenging Dead (hundreds mentioned) (resurrected at the end of the storyline)	undead | revived	Permanent Vacancy
Randall Halloway	Riley Lawrence | Samantha Cole	Devoured by the Avenging Dead, orchestrated by Riley Lawrence and Samantha Cole (resurrected at the end of the storyline)	revived	Permanent Vacancy
Tank	Riley Lawrence | Samantha Cole	Devoured by the Avenging Dead, orchestrated by Riley Lawrence and Samantha Cole (resurrected at the end of the storyline)	revived	Permanent Vacancy
Bradley Speirs	Kimberly Madison | Riley Lawrence | Samantha Cole	Devoured by Kimberly Madison and the other Avenging Dead after being pushed off a roof by Riley Lawrence, orchestrated by Riley Lawrence and Samantha Cole (resurrected at the end of the storyline)	revived	Permanent Vacancy
Tim	Riley Lawrence | Samantha Cole	Devoured by the Avenging Dead, orchestrated by Riley Lawrence and Samantha Cole (resurrected at the end of the storyline)	revived	Permanent Vacancy
Riley Lawrence	Riley Lawrence	Broke his back after letting himself fall off a roof and came back as the Avenging Dead (resurrected at the end of the storyline)	undead | revived	Permanent Vacancy
Bobby Gill	Merritt Speirs	Head smashed with a hammer by Merritt Speirs (resurrected at the end of the storyline)	revived	Permanent Vacancy
Merritt Speirs	Antoine Stone | Dina Cano	Skull destroyed with a baseball bat provided by Dina Cano (resurrected at the end of the storyline)	revived	Permanent Vacancy
Samantha Cole	Rulekeeper | Samantha Cole	Murdered with an axe by the Rulekeeper after purposefully breaking Carousel's rules		Permanent Vacancy

{3+} Brent Henderson		Died during unknown storylines (several times mentioned) (resurrected at the end of the storyline)	revived	
Adeline Winter	Brent Henderson	Eaten alive by goblins during an unknown storyline, left to die by Brent Henderson (resurrected at the end of the storyline)	revived	

Gus	Daphne Sinclair	Stabbed with a knife by Daphne Sinclair (resurrected at the end of the storyline)	revived	Homibridal Part III: Widow's Peak
Angela	Daphne Sinclair	Murdered by Daphne Sinclair (resurrected at the end of the storyline)	revived	Homibridal Part III: Widow's Peak
Marcus Blackwood	Daphne Sinclair	Murdered by Daphne Sinclair (resurrected at the end of the storyline)	revived	Homibridal Part III: Widow's Peak
Benji	Daphne Sinclair	Presumably murdered by Daphne Sinclair (resurrected at the end of the storyline)	revived	Homibridal Part III: Widow's Peak
Percy	Daphne Sinclair	Throat slit with a knife by Daphne Sinclair (resurrected at the end of the storyline)	revived	Homibridal Part III: Widow's Peak
Daphne Sinclair	Daphne Sinclair	Slit her own throat with a knife (resurrected at the end of the storyline)	revived	Homibridal Part III: Widow's Peak

Grace		Murdered during the Whispers of Sand storyline (missing poster appeared)		Whispers of Sand
Lara		Murdered during the Whispers of Sand storyline (missing poster appeared)		Whispers of Sand
Roxy		Murdered during the Whispers of Sand storyline (missing poster appeared)		Whispers of Sand
<3+> other players		Murdered during the Whispers of Sand storyline (group mentioned) (missing poster appeared)		Whispers of Sand

<3+> players		Murdered during the Eternal Savers Club storyline (group mentioned) (missing poster appeared)		The Eternal Savers Club

Valorie Choi	Suzy Snyder	Murdered by Suzy Snyder (missing poster appeared)		Say No To Summer
Arthur Clayton	Suzy Snyder	Murdered by Suzy Snyder (missing poster appeared)		Say No To Summer
Christian Stone	Suzy Snyder	Murdered by Suzy Snyder (missing poster appeared)		Say No To Summer
<3+> other players	Suzy Snyder	Murdered by Suzy Snyder (several mentioned) (missing poster appeared)		Say No To Summer




