character	killed by	death	type	cycle


characters / aliases :

Mirian Castrella
Lily
Sefora Seneca
Nicolus Sacristar
Selkus Viridian
Valen
Eld
Illiyia Torres
Song Jei
Nurea March
Platus
Liamar
Selesia
Atger
Marcel Holvatti
Endresen
Xipuatl Yanez
Calisto
Zayd
Willhelm Marhurst
Medius Luspire
Krier
Nathanial Hache / Vicent Mandez
Roland
Eskier Cassius
Matthias
Laurin
Emanuel
Nicola
Rolart Sacristar II / Rolart the Nightfisher (deceased)
Ghellia Marva
Runer
Alexus Sacristar
Daith
Emera Cearsia
Bertrus
Ingrid
Wolden
Beatrice
Ethwarn
Ada
Gerard Wardrieu
Quintus Palamas
Ferrandus
Moliner
Timmon
Hanaran
Bao
Idras
Specter / Adria Gavell's Impostor
Marovim
Jondar Kinsman
Desert Rose
Pardia
Irabi
Sylvester Aurum
Ayland




lore :

thousands of people killed in the attack (everyone in Torrviol, less than 20k)
attack led by Emera Cearsia
everyone dies when moon crashes
<X> Torrviol inhabitants		Caught in artillery bombardment by Akanan forces during the Attack on Torrviol or incinerated by the Divine Monument's explosion (thousands mentioned each cycle)


usual death :
Jei is killed by Idras
Platus blows himself up while experimenting with a spell
Quintus Palamas assassinated ?
Nicolus and Nurea die in a train crash
Valen dies fighting in the Kiroscent Dome
Lily dies in the fields presumably by soldiers
Gerard Wardrieu - Presumably yanked off a roof by Mirian Castrella each cycle after cycle 15 except 25



Lily's grandmother		Died from unknown causes		
Lily's grandfather		Murdered by a frost scarabite		
Rolart Sacristar II		Died from unknown causes		
Virmont		Died from unknown causes		
Adria Gavell		Shot in the back of the head by '…iokli…unn'
Solvir	Atroxcidi	Murdered by Atroxcidi during the Unification Wars		
<3+> Yanez family members		Murdered by overzealous Luminate Order priests (several mentioned)		
<2,000> workers		Blown up alongside a Ferrabridge factory by a leyline eruption (count mentioned)		
Valen's father		Died from unknown causes		




loops :


Platus		Accidentally blew himself up
<6> students		Caught in an explosion caused by Akanan soldiers during the Attack on Torrviol
<1> student		Cut down by shrapnel via an explosion caused by Akanan soldiers during the Attack on Torrviol
<1> student		Shot by Akanan soldiers during the Attack on Torrviol
<1> merchant		Shot in the chest by Akanan soldiers during the Attack on Torrviol
<3> students		Shot in the chest by Akanan soldiers during the Attack on Torrviol
<2> soldiers	Selkus Viridian	Crushed by a stone relief brought down by Selkus Viridian
<1> soldier	Selkus Viridian	Shot with lightning by Selkus Viridian
Selkus Viridian		Torn apart with bullets by Akanan soldiers during the Attack on Torrviol
Valen		Shot with a lightning spell by Akanan soldiers during the Attack on Torrviol
Lily		Torso carved open with a force-blade spell by Akanan soldiers during the Attack on Torrviol
Mirian Castrella		Carved into pieces with a force-blade spell by an Akanan soldier during the Attack on Torrviol (cycle reset)	undone	1

<2> maintenance team members		Assassinated
<1> maintenance supervisor		Assassinated
Platus		Blown up
<2> people		Murdered by frost scarabites
<3+> people		Murdered by myrvites (group mentioned)
<1> frost scarabite	Lily	Hit with a chair-sized rock thrown by Lily
<1> frost scarabite	Mirian Castrella	Shredded with force-blade spells by Mirian Castrella
<1> townsman		Bisected by a frost scarabite's pincers
Lily		Caught in an Akanan airship's artillery volley during the Attack on Torrviol
Valen		Caught in an Akanan airship's artillery volley during the Attack on Torrviol
Xipuatl Yanez		Caught in an Akanan airship's artillery volley during the Attack on Torrviol
Selesia		Stabbed by a frost scarabite's pincers and then caught in an Akanan airship's artillery volley during the Attack on Torrviol
Mirian Castrella		Caught in an Akanan airship's artillery volley during the Attack on Torrviol (cycle reset)	undone	2

<3+> train passengers		Perished during a train crash caused by a leyline eruption (several mentioned)
<1> older woman		Impaled through the gut by a metal beam during a train crash caused by a leyline eruption
Nurea March		Perished during a train crash caused by a leyline eruption
<2> camels		Devoured by a manticore
Nicolus Sacristar		Incinerated when the Divir moon crashed down on Enteria
Mirian Castrella		Incinerated when the Divir moon crashed down on Enteria (cycle reset)	undone	3

Platus		Blown himself up
<1> battlement Akanan spy	Mirian Castrella	Fell to his death after being shoved over an edge with a force spell by Mirian Castrella
Mirian Castrella		Shot by an Akanan soldier during the Attack on Torrviol (cycle reset)	undone	4

Mirian Castrella	Emera Cearsia	Fell to her death after being thrown out of an airship by Akanan soldiers on orders from Emera Cearsia during the Attack on Torrviol (cycle reset)	undone	5

<1> battlement Akanan spy	Mirian Castrella	Presumably blasted off battlements by Mirian Castrella
Mirian Castrella		Bled out after being shot by an Akanan soldier during the Attack on Torrviol (cycle reset)	undone	6

<1> battlement Akanan spy	Mirian Castrella	Presumably blasted off battlements by Mirian Castrella
Mirian Castrella		Shot by an Akanan soldier during the Attack on Torrviol (cycle reset)	undone	7

<4> battlement Akanan spy	Mirian Castrella	Presumably blasted off battlements by Mirian Castrella each cycle
{4} Mirian Castrella		Shot by an Akanan soldier during the Attack on Torrviol (cycle reset)	undone	8 to 11

Mirian Castrella	Gerard Wardrieu	Electrocuted with a lightning spell by Gerard Wardrieu during the Attack on Torrviol (cycle reset)	undone	12

Gerard Wardrieu	Mirian Castrella	Fell to his death after being yanked off a roof by Mirian Castrella
Idras	Song Jei	Shot through the torso with a beam of black and red fire by Song Jei
<1> bog lion	Song Jei	Shot with a disintegration ray by Song Jei
Wolden		Assassinated
Quintus Palamas
Hanaran		Presumably killed during the Attack on Torrviol or incinerated by the Divine Monument's explosion
Lily		incinerated by the Divine Monument's explosion
Mirian Castrella		incinerated by the Divine Monument's explosion (cycle reset)	undone	13

Gerard Wardrieu	Mirian Castrella	Fell to his death after being yanked off a roof by Mirian Castrella
<1> bog lion	Song Jei | Mirian Castrella	Presumably slain by Song Jei on orders from Mirian Castrella
<1> man		Accidentally killed in a bar brawl by another man
Timmon	Roland	Shot in the head by Roland
Jondar Kinsman		Assassinated by a Baracueli man
<2> Akanan sorcerers	Medius Luspire	Incinerated by Medius Luspire
Song Jei	Emera Cearsia	Neck broken after being sent flying against a wall by Emera Cearsia
<3+> Akanan soldiers	Ferrandus	Crushed in their own armor by Ferrandus
Ferrandus	Emera Cearsia	Smeared into bloody paste with blades of force and lightning by Emera Cearsia and her men
<2+> assistants	Emera Cearsia	Smeared into bloody paste with blades of force and lightning by Emera Cearsia and her men (plural)
Medius Luspire	Emera Cearsia	Charred with fire and lightning by Emera Cearsia and her men
Mirian Castrella	Emera Cearsia	Slashed with force-blades on orders from Emera Cearsia (cycle reset)	undone	14

Gerard Wardrieu	Mirian Castrella	Fell to his death after being yanked off a roof by Mirian Castrella
<1> Akanan assistant	Emera Cearsia	Incinerated and turned into a pile of ash by Emera Cearsia
Song Jei		Incinerated by the Divine Monument's explosion
Mirian Castrella		Incinerated by the Divine Monument's explosion (cycle reset)	undone	15

{5} Mirian Castrella		Caught in artillery bombardment by Akanan forces during the Attack on Torrviol or incinerated by the Divine Monument's explosion (cycle reset)	undone	16 to 20
4 or 5

<2> militia men		Shot with spells and bullets by Akanan soldiers
<10> Akanan soldiers	Mirian Castrella	Shot with spells and bullets by militia men on orders from Mirian Castrella
<4+> Akanan soldiers	Mirian Castrella	Blown up with an explosive trap setup by militia men on orders from Mirian Castrella (squad mentioned)
Mirian Castrella		Caught in artillery bombardment by Akanan forces during the Attack on Torrviol or incinerated by the Divine Monument's explosion (cycle reset)	undone	21

{3} Mirian Castrella		Caught in artillery bombardment by Akanan forces during the Attack on Torrviol or incinerated by the Divine Monument's explosion (cycle reset)	undone	22 to 24
2 or 3

<1> man		Devoured by a desert drake
Irabi		Incinerated when the Divir moon crashed down on Enteria
Mirian Castrella		Incinerated when the Divir moon crashed down on Enteria (cycle reset)	undone	25

{3+} Mirian Castrella		Caught in artillery bombardment by Akanan forces during the Attack on Torrviol or incinerated by the Divine Monument's explosion (cycle reset)	undone	26 to 28
several cycles happen

Mirian Castrella		Caught in artillery bombardment by Akanan forces during the Attack on Torrviol or incinerated by the Divine Monument's explosion (cycle reset)	undone	29

<1> investigator		Assassinated and tongue cut off
Mirian Castrella		Caught in artillery bombardment by Akanan forces during the Attack on Torrviol or incinerated by the Divine Monument's explosion (cycle reset)	undone	30

Mirian Castrella		Caught in artillery bombardment by Akanan forces during the Attack on Torrviol or incinerated by the Divine Monument's explosion (cycle reset)	undone	31

Mirian Castrella	Mirian Castrella	Accidentally crashed herself into the side of an airship while flying with a gravity wand (cycle reset)	undone	32

{2+} Mirian Castrella		Caught and thrown into an airship's brig, eventually incinerated alongside the airship by the Divine Monument's explosion (multiple cycles) (cycle reset)	undone	33 to 34

{2+} Mirian Castrella	Emera Cearsia	Tossed overboard an airship by Emera Cearsia (multiple cycles) (cycle reset)	undone	35 to 36

{6} Mirian Castrella	Emera Cearsia	Caught and thrown into an airship's brig, eventually incinerated alongside the airship by the Divine Monument's explosion, or tossed overboard an airship by Emera Cearsia (cycle reset)	undone	37 to 42

{5} Mirian Castrella		Caught in artillery bombardment by Akanan forces during the Attack on Torrviol or incinerated by the Divine Monument's explosion (cycle count mentioned in cycle 48) (cycle reset)	undone	43 to 47






