character	killed by	death	type	reign

groups :

Prince of Spiders	Silk | Velvet
is it actually every weaver ? just the 'twins' ? only verney ?

Eole-Tiamut	Eole | Tiamut
Casval-Nodens	Casval Ashmodai | Nodens
Verney-Valravn	Thomas Verney | Valravn
Anna-Helel	Anna Paimon | Helel

characters / aliases :

Simon Magnos / Fourth Overlord / Belias the Fiend / Samuel Titivillus / Simon Goldenhell
Lauriane Magnos / Lauriane the Spellblade
Louis Magnos / Crown Prince Louis
Thalas Magnos
Mastemo / High Confessor of the Church of Light
Euphemia Magnos-Agares / Saintess of the Church of Light
Agnes Firewand / Belzemine
Balzam Magnos / Third Overlord / Balzam the Cruel
Keeper of the Crimson Throne
Dassein Magnos
Mardok Endymion / Mardok the Bloodthirsty / First Overlord / Serpent-Bearer / Deceiver
Gargauth / Gargauth the Greedy / Second Overlord
Patriate Malphas / Barthandelus
Shabram Gremory
Gourmand / Gourmand the Jester
Maublanc Paimon
Anna Paimon
Norbelle Magnos
Leonard Decarabia
Meredith d'Ose
Tiella Decarabia
Cassandra Honorius
Duchar Honorius
Elios Magnos / Berwick Lich / Writer of the End / Elfbane / Abhorred
Antonine de Shax
Tolstoff Naberius
Adrien Adrissant
Casval Ashmodai
Elaine Malphas
Rufus Flauros
Lorimor Ancitif
Eole / Voice of Mutation
Nessian / Hellhound of Marsile
Vouivre Ashmodai
Remedia of Cocagne
Filip of Cocagne
Donell
Landar Ipsos
Ronlaw Naberius
Ramsay
Isanne of Balmosa
Beatrice
Green Mother
Silk / Elsa Nightingale
Velvet
Ludwig Bert
Edric Albert / Albert of Magvolia
Amadeus Voltobauta / Voltobauta of Valne
Granny Radhag / Granny Radhag of Uyo
Borsh Fleshmonger / Lorak of the Silverfang Tribe
Chrom Cruak / Chrom Cruak of Navarre
Thomas Verney / Verney of Lore / Count of Demise

Alphonse of Lore / Seth
Melisandre / Mel / Marisa
Richard of Lore
Jordan
Frea
Argas Septic
Walder
Leticia Septic
Isabelle Barbatos
Odette Kano
Benjamin Kano
Carrock the Treant / Carrock the Illusionist
Leanan / Stone Muse
Grius
Azulbolla / Azulbolla, the Azure Dragon
Phoenix / Phoenix, the Vermillion Bird
Alcyone Hyades
Carlo of Muse
Oracle of Illusea
Ulmos the Slime / Ulmos the Pictomancer
Nora
Xenophon / Xenophon, the Buddyguard
Rodrigue
Astrid
Edward
Dorian
Satine Renais / Satine of Magvolia
Robert Flauros
Gregory the Juggler
Grimm the Acrobat
Anselma Flauros / Lutzelfrau / Anselma Malphas
Mebbeth
Asterion / Minotaur
Scorpion
Archer
Exodeos / Scales / Exodeos, the Scales of Emptiness
Lotan / Crab / Lotan, the Isolator
Nodens / Goatfish / Nodens, the Painbringer / Nodens, the Flayer of Worlds
Helel / Maiden / Helel, the Maiden of Control
Mithras / Lion
Shin-Drazil / Water-Carrier
Valravn / Twins / Valravn, the Uncanny Twins
Tiamut / Twin-Tailed Fish


Anaximander
Justine Eligos / Sebile / Justine Malphas
Gerald Eligos
Henry Eligos
Tomoro
Aegio Gremory
Mizuko Vepar
Ronah Andras
Uruk Leraje
Izulon
Lyon
Silence
Barbas
Cubirah
Verdis of Cocagne
Chastel
Renal
Speedy
Doblin
Toro
Florence
Adam Borkos / Big Borky
Blendy (created in reign 17)
Cauldy the Living Cauldron (created in reign 17)
Reiko Yuzuhara / Bamboo Bandit Princess
Masaru Ito / Golden Fist
Yashamaru Vepar
Koryu Vepar
Moryo
Onishogun
Horse-Eater Ogre
Maleagant of Gorre / Sellsword Duke (deceased)
Agrat
Pallian
Melusine of Kitezh
Echidna Redhand
Persephone
Junon
Vayan / Vayan, the Sky-Father / Vayan, the Storm-Father
Ruto
Tybalt
Zeal
Mana Goddess
Carbuncle / Carbuncle, the Gemfinder / Carbuncle, the Devil-Mirror
Lizzorc
Culebre / Culebre, Shell of Abundance / Culebre, the Chainpiper
Shura / Shura, the White Tiger
Nuwa / Mother Nuwa, the Black Tortoise
Basileus / Basileus, King of Eidolons
Minthe
Clytemnestre
Gavial



previous Overlord reigns :

{5} Mardok Endymion
Simon thinks one of Mardok's deaths was due to Belzemine killing him

{12} Gargauth

Mardok Endymion	Gargauth	Eaten alive by Gargauth (soul preserved within the Crimson Throne)	physical	
Gargauth	Balzam Magnos | Euphemia Magnos-Agares	Gutted and beheaded during a fight against Balzam Magnos and Euphemia Magnos-Agares (soul preserved within the Crimson Throne)	physical	

Balzam Magnos	Simon Magnos	Thrown off the Lighthouse by Simon Magnos (undone via the Crimson Throne)	undone	Balzam's reigns
Balzam Magnos	Simon Magnos	Impaled through the heart with a sword of light by Simon Magnos (undone via the Crimson Throne)	undone	Balzam's reigns
{12} Balzam Magnos	Simon Magnos	Murdered several times by Simon Magnos (undone via the Crimson Throne)	undone	Balzam's reigns
{6} Balzam Magnos	Louis Magnos	Murdered several times by Louis Magnos (undone via the Crimson Throne)	undone	Balzam's reigns
{6} Balzam Magnos		Murdered several times by the Zodiac Fiends (undone via the Crimson Throne)	undone	Balzam's reigns
{5} Balzam Magnos		Murdered several times by the elves (undone via the Crimson Throne)	undone	Balzam's reigns
{4} Balzam Magnos		Murdered several times by dragons (undone via the Crimson Throne)	undone	Balzam's reigns
{3} Balzam Magnos		Murdered several times by traps, mishaps or accidents (undone via the Crimson Throne)	undone	Balzam's reigns
Balzam Magnos		Murdered during the Cocagne Affair (undone via the Crimson Throne)	undone	Balzam's reigns
Balzam Magnos		Murdered while having sex with succubi (undone via the Crimson Throne)	undone	Balzam's reigns
{5} Balzam Magnos		Murdered several times by Paladins (undone via the Crimson Throne)	undone	Balzam's reigns
{4} Balzam Magnos	Berwick Lich	Murdered several times by the Berwick Lich (undone via the Crimson Throne)	undone	Balzam's reigns
{3} Balzam Magnos	Carlo of Muse	Murdered several times by a musan sniper (undone via the Crimson Throne)	undone	Balzam's reigns
{2} Balzam Magnos	Euphemia Magnos-Agares	Murdered several times by Euphemia Magnos-Agares (undone via the Crimson Throne)	undone	Balzam's reigns
Balzam Magnos	Norbelle Magnos	Fed to one of her Eidolons by Norbelle Magnos (undone via the Crimson Throne)	undone	Balzam's reigns
Balzam Magnos		Murdered via a public execution (undone via the Crimson Throne)	undone	Balzam's reigns
{2} Balzam Magnos	Balzam Magnos	Took his own life several times (undone via the Crimson Throne)	undone	Balzam's reigns
Balzam Magnos	Lauriane Magnos	Murdered by Lauriane Magnos (undone via the Crimson Throne)	undone	Balzam's reigns
Balzam Magnos	Dassein Magnos	Murdered by Dassein Magnos (undone via the Crimson Throne)	undone	Balzam's reigns
{10} Balzam Magnos	Simon Magnos | Euphemia Magnos-Agares | Mastemo	Murdered by unknown assassins, presumably Simon Magnos, the elves, Euphemia Magnos-Agares and/or Mastemo (undone via the Crimson Throne)	undone	Balzam's reigns

{4} Balzam Magnos

Dassein Magnos	Simon Magnos	Impaled on his giant horns by Simon Magnos (undone via the Crimson Throne)	undone	Balzam's reigns
Thalas Magnos	Simon Magnos | Thalas Magnos	Impaled by Simon Magnos after pushing Balzam out of the way, sacrificing himself (undone via the Crimson Throne)	undone	Balzam's reigns
Simon Magnos	Balzam Magnos	Strangled to death by Balzam Magnos (undone via the Crimson Throne)	undone	Balzam's reigns
Frea	Simon Magnos	Skull bashed with a morning star by Simon Magnos (undone via the Crimson Throne)	undone	Balzam's reigns

Balzam Magnos	Louis Magnos | Patriate Malphas | Oracle of Illusea	Slashed from shoulder to navel with the Mana Sword by Louis Magnos, sword smuggled in by Patriate Malphas on orders from the Oracle of Illusea		
Sha	Louis Magnos	Throat slit by Louis Magnos		


lore :

more than a million people live in the capital
Firewand possibly killed several times by the Overlords as an XP source ?
millions die in the Civil War
Eidolons dying only banishes them from this plane of existence temporarily
Vouivre counted hundreds of thousands of troops under her command



<1> smith's wife		Beaten to death by a smith		
<1> smith's apprentice		Beaten to death by a smith		
Destra	Balzam Magnos | Gourmand	Brutally executed on orders from Balzam Magnos, soul fed to Gourmand		
Alphonse of Lore's uncle	Balzam Magnos	Murdered by Balzam Magnos		
Alphonse of Lore's master	Balzam Magnos	Assassinated in his sleep on orders from Balzam Magnos		
<1> she-wolf	Nessian	Devoured by Nessian		
<3+> imperial soldiers	Nessian | Vouivre Ashmodai	Devoured by Nessian on orders from Vouivre Ashmodai (several mentioned)		
Eleanor Magnos	Balzam Magnos	Strangled and neck snapped by Balzam Magnos		
Eleanor and Balzam Magnos' unborn child	Balzam Magnos	Perished when Balzam Magnos murdered Eleanor Magnos		
Ronlaw Naberius's daughter		Died of a plague		
Ronlaw Naberius's daughter's husband		Died of a plague		
Ronlaw Naberius's daughter's son		Died of a plague		
Hector Honorius		Died in battle (reanimated by Duchar Honorius)	undead	
<2> kidnappers	Odette Kano	Hanged from a tree on orders from Odette Kano		
<2+> animals	Grius | Stone Muse	Butchered by Grius on orders from the Stone Muse (plural)		
Aza	Mardok Endymion	Murdered by Mardok Endymion		
<2,000+> elves	Mardok Endymion | Belzemine	Slaughtered by Mardok Endymion using information provided against her will by Belzemine (thousands mentioned)		
<1> maid	Hector Honorius	Murdered by Hector Honorius		
Robin Waybright	Goatfish	Murdered with a Nova by the Zodiac Fiend Goatfish		
Xenophon	Gargauth	Crushed under his foot by Gargauth (later revived due to his nature as an Eidolon)	revived	
Duchar Honorius' first wife		Died from unknown causes		
<200,000+> people	Stone Muse	Perished during centuries inside the Darkwood and souls absorbed by the Stone Muse (hundreds of thousands mentioned)		
Gerald Eligos' son	Justine Eligos	Presumably assassinated by Justine Eligos		
Gerald Eligos' wife	Justine Eligos	Presumably assassinated by Justine Eligos		
Elaine Malphas' mother		Murdered on a pyre during a tribe-related pogrom		
<1> mistress	Balzam Magnos	Executed by Balzam Magnos		
<1> cow beastwoman	Balzam Magnos	Murdered and eaten by Balzam Magnos		
<2+> humans	Balzam Magnos	Murdered and eaten as part of the 'Human Family Pie' by Balzam Magnos		
<2+> beastmen	Balzam Magnos	Murdered and eaten as part of the 'Beastmen Meat Platter' by Balzam Magnos		
<1+> dryad	Balzam Magnos	Murdered and eaten as part of the 'Dryad Leaf Salad with Pixie Cheese' by Balzam Magnos		
<1+> pixie	Balzam Magnos	Murdered and eaten as part of the 'Dryad Leaf Salad with Pixie Cheese' by Balzam Magnos		
<1+> kish	Balzam Magnos	Murdered and eaten as part of the 'Roasted Kish with Pineapples' by Balzam Magnos		
{2+} Belzemine	Balzam Magnos	Murdered and eaten multiple times as part of the 'Boiled Elf Turkey A La Bel'Zemine' by Balzam Magnos (undone via the Crimson Throne)	undone	Balzam's reigns
<2+> humans	Gargauth	Murdered and eaten as part of the 'Human Family Pie' by Gargauth		
<2+> beastmen	Gargauth	Murdered and eaten as part of the 'Beastmen Meat Platter' by Gargauth		
<1+> dryad	Gargauth	Murdered and eaten as part of the 'Dryad Leaf Salad with Pixie Cheese' by Gargauth		
<1+> pixie	Gargauth	Murdered and eaten as part of the 'Dryad Leaf Salad with Pixie Cheese' by Gargauth		
<1+> kish	Gargauth	Murdered and eaten as part of the 'Roasted Kish with Pineapples' by Gargauth		
{1+} Belzemine	Gargauth	Murdered and eaten at least once as part of the 'Boiled Elf Turkey A La Bel'Zemine' by Gargauth (undone via the Crimson Throne)	undone	Gargauth's reigns
<1> man	Norbelle Magnos | Balzam Magnos	Incinerated by Norbelle Magnos on orders from Balzam Magnos		
<1> man's father	Norbelle Magnos | Balzam Magnos	Murdered by Norbelle Magnos on orders from Balzam Magnos		
Maximilien Nocte	Maximilien Nocte	Perished during a failed time travel spell casting		
Meredith d'Ose's mother		Died from unknown causes		
Pharis	Mardok Endymion	Murdered by Mardok Endymion		
Remedia of Cocagne's mother		Fell to her death when the then-current Rogue nullified her magic		
<1> Navarran chieftain	Remedia of Cocagne	Murdered on orders from Remedia of Cocagne		
Laurent Valmore		Died from unknown causes		
Verdis of Cocagne's grandfather	Gargauth	Slain during a skirmish by Gargauth		
Jon	Silk	Disposed of by Silk		
Chrom Cruak's wife		Died of an illness		
<1> dryad	Chrom Cruak	Slain during a ritual by Chrom Cruak		
<3+> Onishogun's monsters	Reiko Yuzuhara | Masaru Ito | Yashamaru Vepar	Slain by the Monk's apprentices (several mentioned)		
<3+> horses	Horse-Eater Ogre | Borsh Fleshmonger | Vouivre Ashmodai	Devoured by the Horse-Eater Ogre, fed to it by Borsh Fleshmonger, hired by Vouivre Ashmodai (several mentioned)		
<3+> centaurs	Horse-Eater Ogre | Borsh Fleshmonger | Vouivre Ashmodai	Devoured by the Horse-Eater Ogre, created by Borsh Fleshmonger, hired by Vouivre Ashmodai (several mentioned)		
<50+> people	Velvet	Tortured to death by Velvet (count mentioned)		
Maleagant of Gorre	Silk | Velvet	Murdered in a house fire by Silk and Velvet		
<300+> people	Silk | Velvet	Murdered alongside Maleagant of Gorre in a house fire by Silk and Velvet (count mentioned)		
Silk and Velvet's mother		Died from unknown causes		
<2+> human babies	Granny Radhag	Devoured by Granny Radhag (plural)		
<1> Paladin	Balzam Magnos	Murdered by Balzam Magnos and turned into a puppet by Ludwig Bert	undead	
Thomas Verney	Louis Magnos | Balzam Magnos	Impaled through the heart with a sword by Louis Magnos during an invasion led by Balzam Magnos (resurrected as Verney-Valravn when he bonded with Valravn)	revived	
Tellurian the Lionking	Gargauth	Murdered by Gargauth		
<2+> Tellurian the Lionking's heirs		Murdered each other over their inheritance (plural)		
<3+> Casval and Vouivre Ashmodai's siblings	Vouivre Ashmodai	Murdered by Vouivre Ashmodai (several mentioned)		
Ur-Dragon	Mana Goddess	Slain by the Mana Goddess		
<1> behemoth	Balzam Magnos	Split in half with a greatsword by Balzam Magnos		
<2+> elves	Belzemine	Slain by Belzemine in an arena on orders from Mardok Endymion (plural)		
Belzemine's father	Mardok Endymion | Belzemine	Burned on a pyre by Mardok Endymion, fire started by Belzemine while he controlled her		
Belzemine's mother	Mardok Endymion | Belzemine	Burned on a pyre by Mardok Endymion, fire started by Belzemine while he controlled her		
<2> people dressed like Belzemine's parents	Belzemine | Mardok Endymion	Incinerated by Belzemine while controlled by Mardok Endymion		
Eole's mother		Died of an illness		
Valravn	Elios Magnos	Body destroyed by Elios Magnos, the then-current Rogue and the then-current Summoner (returned to its crystal and later resurrected)	revived	
<1> then-current Ranger	Valravn	Lacerated by Valravn		
<1> then-current Warrior	Helel	Murdered by Helel		



Tiziano		previous hero kill by zodiac ?
Ishtar ???




loops and deaths :

Simon Magnos		Incinerated by ??? (undone via the Crimson Throne)	undone	1
killed by Patriate Malphas ???

Simon Magnos	Simon Magnos | Overlord	Strangled by his own Overlord Class when he tried revealing his secret to Lauriane (undone via the Crimson Throne)	undone	2

<1> minstrel prisoner	Simon Magnos | Lauriane Magnos | Gourmand | Euphemia Magnos-Agares	Beheaded with a sword by Simon Magnos, prisoner provided to him by Lauriane Magnos and Gourmand on orders from Euphemia Magnos-Agares (undone via the Crimson Throne)	undone	3
<1> smith prisoner	Simon Magnos | Lauriane Magnos | Gourmand | Euphemia Magnos-Agares	Beheaded with a sword by Simon Magnos, prisoner provided to him by Lauriane Magnos and Gourmand on orders from Euphemia Magnos-Agares (undone via the Crimson Throne)	undone	3
<1> charlatan prisoner	Simon Magnos | Lauriane Magnos | Gourmand | Euphemia Magnos-Agares	Beheaded with a sword by Simon Magnos, prisoner provided to him by Lauriane Magnos and Gourmand on orders from Euphemia Magnos-Agares (undone via the Crimson Throne)	undone	3
<1> ogre prisoner	Simon Magnos | Lauriane Magnos | Gourmand | Euphemia Magnos-Agares	Beheaded with a sword by Simon Magnos, prisoner provided to him by Lauriane Magnos and Gourmand on orders from Euphemia Magnos-Agares (undone via the Crimson Throne)	undone	3
Lorimor Ancitif	Simon Magnos | Lauriane Magnos | Gourmand | Euphemia Magnos-Agares	Beheaded with a sword by Simon Magnos, prisoner provided to him by Lauriane Magnos and Gourmand on orders from Euphemia Magnos-Agares (undone via the Crimson Throne)	undone	3
Simon Magnos	Patriate Malphas | Oracle of Illusea	Asphyxiated when poisoned by Patriate Malphas on orders from the Oracle of Illusea (undone via the Crimson Throne)	undone	3

<1> minstrel prisoner	Louis Magnos	Executed by his soldiers on orders from Louis Magnos (undone via the Crimson Throne)	undone	4
<1> smith prisoner	Louis Magnos	Executed by his soldiers on orders from Louis Magnos (undone via the Crimson Throne)	undone	4
<1> charlatan prisoner	Louis Magnos	Executed by his soldiers on orders from Louis Magnos (undone via the Crimson Throne)	undone	4
<1> ogre prisoner	Louis Magnos	Executed by his soldiers on orders from Louis Magnos (undone via the Crimson Throne)	undone	4
Lorimor Ancitif	Louis Magnos	Executed by his soldiers on orders from Louis Magnos (undone via the Crimson Throne)	undone	4
Eole	Louis Magnos	Executed by his soldiers on orders from Louis Magnos (undone via the Crimson Throne)	undone	4
<48+> undead	Simon Magnos | Duchar Honorius	Slaughtered with a mace by Simon Magnos, provided as training by Duchar Honorius (dozens of rooms mentioned, one room containing 4 undead) (undone via the Crimson Throne)	undone	4
<1> skeleton	Simon Magnos | Duchar Honorius	Pulverized with a mace by Simon Magnos, provided as training by Duchar Honorius (undone via the Crimson Throne)	undone	4
Patriate Malphas	Belzemine	Presumably incinerated by Belzemine when his daughter removed her Brand of Pride (undone via the Crimson Throne)	undone	4
Elaine Malphas	Belzemine	Presumably incinerated by Belzemine when she removed her Brand of Pride (undone via the Crimson Throne)	undone	4
Belzemine	Belzemine | Elaine Malphas	Presumably took her own life after Elaine Malphas removed her Brand of Pride (undone via the Crimson Throne)	undone	4
Anna Paimon	Casval Ashmodai	Assassinated with a sword by Casval Ashmodai (undone via the Crimson Throne)	undone	4
Simon Magnos	Casval Ashmodai	Incinerated by Casval Ashmodai (undone via the Crimson Throne)	undone	4

<2+> men	Casval Ashmodai	Murdered by Casval Ashmodai in his escape (plural) (undone via the Crimson Throne)	undone	5
<3+> undead	Simon Magnos | Duchar Honorius	Smashed with a mace by Simon Magnos, provided as training by Duchar Honorius (several mentioned) (undone via the Crimson Throne)	undone	5
<1> skeleton	Simon Magnos | Duchar Honorius	Beheaded with an axe by Simon Magnos, provided as training by Duchar Honorius (undone via the Crimson Throne)	undone	5
<6+> wolves	Leonard Decarabia | Meredith d'Ose | Simon Magnos	Slaughtered by Leonard Decarabia and Meredith d'Ose on orders from Simon Magnos (half a dozen mentioned) (undone via the Crimson Throne)	undone	5
<1> man	Nessian | Vouivre Ashmodai	Devoured by Nessian on orders from Vouivre Ashmodai (undone via the Crimson Throne)	undone	5
Nessian	Simon Magnos	Face smashed in multiple times with a mace by Simon Magnos (undone via the Crimson Throne)	undone	5
Casval Ashmodai	Vouivre Ashmodai	Devoured by Vouivre Ashmodai (undone via the Crimson Throne)	undone	5
Lorimor Ancitif	Agnes Firewand | Vouivre Ashmodai	Incinerated by Agnes Firewand on orders from Vouivre Ashmodai (undone via the Crimson Throne)	undone	5
Cassandra Honorius	Agnes Firewand | Vouivre Ashmodai	Incinerated by Agnes Firewand on orders from Vouivre Ashmodai (undone via the Crimson Throne)	undone	5
Leonard Decarabia	Agnes Firewand | Vouivre Ashmodai | Leonard Decarabia	Incinerated by Agnes Firewand on orders from Vouivre Ashmodai by absorbing the fire directed at Simon, sacrificing his life (undone via the Crimson Throne)	undone	5
Simon Magnos	Vouivre Ashmodai	Devoured by Vouivre Ashmodai (undone via the Crimson Throne)	undone	5

Patriate Malphas	Belzemine	Presumably incinerated by Belzemine when his daughter removed her Brand of Pride (undone via the Crimson Throne)	undone	6
Elaine Malphas	Belzemine	Presumably incinerated by Belzemine when she removed her Brand of Pride (undone via the Crimson Throne)	undone	6
Belzemine	Belzemine | Elaine Malphas	Presumably took her own life after Elaine Malphas removed her Brand of Pride (undone via the Crimson Throne)	undone	6
<1> man	Nessian | Vouivre Ashmodai	Devoured by Nessian on orders from Vouivre Ashmodai (undone via the Crimson Throne)	undone	6
<1> rat	Cassandra Honorius | Duchar Honorius	Murdered by Cassandra Honorius on orders from Duchar Honorius (reanimated via Simon's Land of Darkness) (undone via the Crimson Throne)	undead | undone	6
Antonine de Shax	Vouivre Ashmodai | Casval Ashmodai | Simon Magnos	Incinerated by Vouivre Ashmodai, led in an ambush by Casval Ashmodai, orchestrated by Simon Magnos (undone via the Crimson Throne)	undone	6
<2+> Thalas Magnos' posse	Vouivre Ashmodai | Casval Ashmodai | Simon Magnos	Incinerated by Vouivre Ashmodai, led in an ambush by Casval Ashmodai, orchestrated by Simon Magnos (plural) (undone via the Crimson Throne)	undone	6
Thalas Magnos	Vouivre Ashmodai | Casval Ashmodai | Simon Magnos	Devoured by Vouivre Ashmodai, led in an ambush by Casval Ashmodai, orchestrated by Simon Magnos (undone via the Crimson Throne)	undone	6
Leonard Decarabia	Vouivre Ashmodai	Beheaded with a blade of sharpened wind by Vouivre Ashmodai (undone via the Crimson Throne)	undone	6
Meredith d'Ose	Vouivre Ashmodai	Beheaded with a blade of sharpened wind by Vouivre Ashmodai (undone via the Crimson Throne)	undone	6
Simon Magnos	Casval Ashmodai	Incinerated by Casval Ashmodai (undone via the Crimson Throne)	undone	6

Isanne of Balmosa	Simon Magnos | Anna Paimon	Burned at the stake by inquisitors on orders from Simon Magnos and Anna Paimon (undone via the Crimson Throne)	undone	7
<3+> white slimes	Simon Magnos | Leonard Decarabia | Meredith d'Ose | Anna Paimon	Slain by Simon Magnos and his team (several mentioned) (undone via the Crimson Throne)	undone	7
<3+> dire octopi	Simon Magnos | Leonard Decarabia | Meredith d'Ose | Anna Paimon	Slain by Simon Magnos and his team (several mentioned) (undone via the Crimson Throne)	undone	7
<3+> bats	Simon Magnos | Leonard Decarabia | Meredith d'Ose | Anna Paimon	Slain by Simon Magnos and his team (several mentioned) (undone via the Crimson Throne)	undone	7
<100+> giant toads	Simon Magnos | Leonard Decarabia | Meredith d'Ose | Anna Paimon	Slain by Simon Magnos and his team (one hundred mentioned) (undone via the Crimson Throne)	undone	7
<3+> undead corpses	Simon Magnos | Leonard Decarabia | Meredith d'Ose | Anna Paimon	Slain by Simon Magnos and his team (several mentioned) (undone via the Crimson Throne)	undone	7
<1> water elemental	Meredith d'Ose | Simon Magnos	Electrocuted with Thunder Spear by Meredith d'Ose, led by Simon Magnos (undone via the Crimson Throne)	undone	7
Patriate Malphas	Belzemine	Presumably incinerated by Belzemine when his daughter removed her Brand of Pride (undone via the Crimson Throne)	undone	7
Elaine Malphas	Belzemine	Presumably incinerated by Belzemine when she removed her Brand of Pride (undone via the Crimson Throne)	undone	7
Belzemine	Belzemine | Elaine Malphas	Presumably took her own life after Elaine Malphas removed her Brand of Pride (undone via the Crimson Throne)	undone	7
Casval Ashmodai	Vouivre Ashmodai | Simon Magnos	Presumably devoured by Vouivre Ashmodai, orchestrated by Simon Magnos (undone via the Crimson Throne)	undone	7
<3+> giant fish	Meredith d'Ose | Simon Magnos	Electrocuted with Thunder Spear by Meredith d'Ose on orders from Simon Magnos (several mentioned) (reanimated by Simon Magnos) (undone via the Crimson Throne)	undead | undone	7
Leonard Decarabia	Berwick Lich	Murdered via its Thoughts on Mortality by the Berwick Lich (reanimated by Simon Magnos) (undone via the Crimson Throne)	undead | undone	7
Meredith d'Ose	Berwick Lich	Murdered via its Thoughts on Mortality by the Berwick Lich (reanimated by Simon Magnos) (undone via the Crimson Throne)	undead | undone	7
Lorimor Ancitif	Berwick Lich	Murdered via its Thoughts on Mortality by the Berwick Lich (reanimated by Simon Magnos) (undone via the Crimson Throne)	undead | undone	7
Leonard Decarabia	Maublanc Paimon	Exorcised by priests from the Church of the Light on orders from Maublanc Paimon (undone via the Crimson Throne)	undone	7
Meredith d'Ose	Maublanc Paimon	Exorcised by priests from the Church of the Light on orders from Maublanc Paimon (undone via the Crimson Throne)	undone	7
Lorimor Ancitif	Maublanc Paimon	Exorcised by priests from the Church of the Light on orders from Maublanc Paimon (undone via the Crimson Throne)	undone	7
<3+> beasts	Simon Magnos	Hunted by Simon Magnos (several mentioned) (undone via the Crimson Throne)	undone	7
<2+> priests	Tiella Decarabia | Maublanc Paimon	Murdered by Tiella Decarabia and Maublanc Paimon's soldiers (plural) (undone via the Crimson Throne)	undone	7
<2+> inquisitors	Tiella Decarabia | Maublanc Paimon	Murdered by Tiella Decarabia and Maublanc Paimon's soldiers (plural) (undone via the Crimson Throne)	undone	7
<50,000+> Balmos inhabitants	Louis Magnos | Lauriane Magnos	Incinerated alongside their city by the War Party's airship fleet's aerial bombardments, led by Louis Magnos and Lauriane Magnos (population of 50 thousand mentioned) (undone via the Crimson Throne)	undone	7
<3+> Green Mother cultists	Simon Magnos	Burned at the stake by Church of the Light priests, condemned by Simon Magnos (several mentioned) (undone via the Crimson Throne)	undone	7
<1> soldier	Leila | Green Mother	Shot in the eye with an arrow by Leila, led by the Green Mother (reanimated via Simon's Land of Darkness) (undone via the Crimson Throne)	undead | undone	7
<1> soldier	Green Mother	Crushed by a boulder materialized by fairies, led by the Green Mother (reanimated via Simon's Land of Darkness) (undone via the Crimson Throne)	undead | undone	7
Leila	Simon Magnos	Impaled with a thrown spear by one of Simon Magnos' soldiers (reanimated via Simon's Land of Darkness) (undone via the Crimson Throne)	undead | undone	7
<1> soldier	Green Mother	Struck with lightning by the Green Mother (reanimated via Simon's Land of Darkness) (undone via the Crimson Throne)	undead | undone	7
<2+> Green Mother cultists	Simon Magnos	Slain by Simon Magnos' soldiers (plural) (reanimated via Simon's Land of Darkness) (undone via the Crimson Throne)	undead | undone	7
<1> tiger	Simon Magnos	Slain by Simon Magnos' soldiers (reanimated via Simon's Land of Darkness) (undone via the Crimson Throne)	undead | undone	7
<24+> undead	Green Mother	Crushed by the Green Mother's warbeast (dozens mentioned) (undone via the Crimson Throne)	undone	7
<1> tiger	Anna Paimon	Skewered by Anna Paimon (undone via the Crimson Throne)	undone	7
Green Mother	Simon Magnos	Bisected by Simon Magnos (revived in another vessel) (undone via the Crimson Throne)	revived | undone	7
Anna Paimon	Louis Magnos | Lauriane Magnos	Presumably incinerated within a forest by the War Party's airship fleet's aerial bombardments, led by Louis Magnos and Lauriane Magnos (undone via the Crimson Throne)	undone	7
Tiella Decarabia	Louis Magnos | Lauriane Magnos	Presumably incinerated within a forest by the War Party's airship fleet's aerial bombardments, led by Louis Magnos and Lauriane Magnos (undone via the Crimson Throne)	undone	7
Simon Magnos	Louis Magnos | Lauriane Magnos	Incinerated within a forest by the War Party's airship fleet's aerial bombardments, led by Louis Magnos and Lauriane Magnos (undone via the Crimson Throne)	undone	7

<40+> orcs	Simon Magnos | Belzemine | Eole | Jordan	Slain by Simon Magnos and his team, hired by Lord Jordan (40 mentioned) (undone via the Crimson Throne)	undone	8
Argas Septic	Silk | Leticia Septic	Decapitated by Silk, hired by Leticia Septic (undone via the Crimson Throne)	undone	8
<2,000+> people	Oracle of Illusea	Caught in an explosion at Castle Frightwall caused when the Oracle of Illusea cast Goddess' Judgment (thousands mentioned) (undone via the Crimson Throne)	undone	8
Patriate Malphas	Oracle of Illusea	Presumably caught in an explosion at Castle Frightwall caused when the Oracle of Illusea cast Goddess' Judgment (undone via the Crimson Throne)	undone	8
Elaine Malphas	Oracle of Illusea	Presumably caught in an explosion at Castle Frightwall caused when the Oracle of Illusea cast Goddess' Judgment (undone via the Crimson Throne)	undone	8
Shabram Gremory	Oracle of Illusea	Presumably caught in an explosion at Castle Frightwall caused when the Oracle of Illusea cast Goddess' Judgment (undone via the Crimson Throne)	undone	8
<2,000+> people	Louis Magnos | Lauriane Magnos	Caught in one of the War Party's airship fleet's aerial bombardments, led by Louis Magnos and Lauriane Magnos (thousands mentioned) (undone via the Crimson Throne)	undone	8
<2,000+> airship crew	Euphemia Magnos-Agares	Destroyed alongside their airships by Eidolons summoned by Euphemia Magnos-Agares (10 airships mentioned to be manned by thousands) (undone via the Crimson Throne)	undone	8
Alphonse of Lore	Simon Magnos	Torn in half with a sword during a duel against Simon Magnos (undone via the Crimson Throne)	undone	8
<24+> adventurers	Belzemine | Simon Magnos	Incinerated by Belzemine, led by Simon Magnos (dozens mentioned) (undone via the Crimson Throne)	undone	8
Mel	Eole | Simon Magnos	Thrown over a crater's edge to her death by Eole, led by Simon Magnos (undone via the Crimson Throne)	undone	8
Frea	Belzemine | Simon Magnos	Torn apart with an explosion by Belzemine, led by Simon Magnos (undone via the Crimson Throne)	undone	8
Simon Magnos	Vouivre Ashmodai | Frea | Oracle of Illusea	Stabbed through the back with the Horoscopic Sword and skull stomped on by Vouivre Ashmodai after having been sealed by Frea on orders from the Oracle of Illusea (undone via the Crimson Throne)	undone	8

Simon Magnos	Balzam Magnos	Melted in acid after teleporting in a room trapped by Balzam Magnos (undone via the Crimson Throne)	undone	9

<1> rat	Simon Magnos	Poisoned with Toxin by Simon Magnos (undone via the Crimson Throne)	undone	10
Casval Ashmodai	Vouivre Ashmodai | Simon Magnos	Presumably devoured by Vouivre Ashmodai, orchestrated by Simon Magnos (undone via the Crimson Throne)	undone	10
Patriate Malphas	Patriate Malphas | Shabram Gremory | Simon Magnos	Blew himself up to avoid being captured by Shabram Gremory on orders from Simon Magnos (undone via the Crimson Throne)	undone	10
Elaine Malphas	Elaine Malphas | Leonard Decarabia | Simon Magnos	Blew herself up to avoid being captured by Leonard Decarabia on orders from Simon Magnos (undone via the Crimson Throne)	undone	10
<2> students	Elaine Malphas	Caught in Elaine Malphas' suicidal explosion (undone via the Crimson Throne)	undone	10
<2,000+> people	Oracle of Illusea	Caught in an explosion at Castle Frightwall caused when the Oracle of Illusea cast Goddess' Judgment (thousands mentioned) (undone via the Crimson Throne)	undone	10
Shabram Gremory	Oracle of Illusea	Caught in an explosion at Castle Frightwall caused when the Oracle of Illusea cast Goddess' Judgment (undone via the Crimson Throne)	undone	10
Lorimor Ancitif	Odette Kano	Shot with crossbow bolts by guards on orders from Odette Kano (reanimated by Duchar Honorius) (undone via the Crimson Throne)	undead | undone	10
<400+> airship crew	Azulbolla | Phoenix | Norbelle Magnos | Euphemia Magnos-Agares	Destroyed alongside their airships by Azulbolla and the Phoenix, both summoned by Norbelle Magnos during the Battle of Goetia ordered by Euphemia Magnos-Agares (2 airships mentioned, presumably manned by at least two hundred soldiers each given info from reign 8) (undone via the Crimson Throne)	undone	10
<24+> soldiers and workers	Thalas Magnos | Euphemia Magnos-Agares	Torn apart by Thalas Magnos during the Battle of Goetia ordered by Euphemia Magnos-Agares (dozens mentioned) (undone via the Crimson Throne)	undone	10
<1> soldier	Thalas Magnos | Euphemia Magnos-Agares	Skull cleaved in half with an axe by Thalas Magnos during the Battle of Goetia ordered by Euphemia Magnos-Agares (undone via the Crimson Throne)	undone	10
<1> summoned undead	Thalas Magnos | Euphemia Magnos-Agares	Smashed to pieces by Thalas Magnos during the Battle of Goetia ordered by Euphemia Magnos-Agares (undone via the Crimson Throne)	undone	10
Antonine de Shax	Duchar Honorius | Simon Magnos	Rotted via Putrefy by Duchar Honorius, led by Simon Magnos, during the Battle of Goetia (undone via the Crimson Throne)	undone	10
Meredith d'Ose	Thalas Magnos | Euphemia Magnos-Agares	Splattered against the floor by Thalas Magnos during the Battle of Goetia ordered by Euphemia Magnos-Agares (undone via the Crimson Throne)	undone	10
Leonard Decarabia	Thalas Magnos | Leonard Decarabia | Euphemia Magnos-Agares	Exploded into a shower of entrails when absorbing the blow of Thalas Magnos ramming Simon, sacrificing his life, during the Battle of Goetia ordered by Euphemia Magnos-Agares (undone via the Crimson Throne)	undone	10
Thalas Magnos	Simon Magnos | Leonard Decarabia | Meredith d'Ose	Brain melted via Simon Magnos' acidic blood, after being disemboweled by Leonard Decarabia and speared in the head by Meredith d'Ose, during the Battle of Goetia (undone via the Crimson Throne)	undone	10
Simon Magnos	Thalas Magnos | Euphemia Magnos-Agares	Fell to his death after being severely wounded and pushed off an airship by Thalas Magnos during the Battle of Goetia ordered by Euphemia Magnos-Agares (undone via the Crimson Throne)	undone	10

Casval Ashmodai	Vouivre Ashmodai | Simon Magnos	Devoured by Vouivre Ashmodai, orchestrated by Simon Magnos (resurrected as an artificial warbeast by Lauriane Magnos) (undone via the Crimson Throne)	revived | undone	11
Patriate Malphas	Belzemine	Incinerated by Belzemine when his daughter removed her Brand of Pride (undone via the Crimson Throne)	undone	11
Elaine Malphas	Belzemine	Incinerated by Belzemine when she removed her Brand of Pride (undone via the Crimson Throne)	undone	11
Belzemine	Belzemine | Elaine Malphas	Took her own life after Elaine Malphas removed her Brand of Pride (undone via the Crimson Throne)	undone	11
<2+> Cobweb intruders	Simon Magnos	Hanged at the Darkwood's edge on orders from Simon Magnos (plural) (undone via the Crimson Throne)	undone	11
Lorimor Ancitif	Simon Magnos | Stone Muse	Stabbed in the heart with a spike by Simon Magnos as a sacrifice for the Stone Muse (reanimated by Duchar Honorius) (undone via the Crimson Throne)	undead | undone	11
<3+> classless adventurers	Carrock the Treant | Simon Magnos	Wiped out by Carrock the Treant, led by Simon Magnos (several mentioned) (undone via the Crimson Throne)	undone	11
<3+> classless adventurers	Simon Magnos	Wiped out in the elven ruins by Darkwood monsters, led by Simon Magnos (several mentioned) (undone via the Crimson Throne)	undone	11
<3+> imperial scouts	Hector Honorius | Simon Magnos	Slaughtered by Hector Honorius, led by Simon Magnos (several mentioned) (undone via the Crimson Throne)	undone	11
<3+> Darkwood imps	Leonard Decarabia | Louis Magnos | Lauriane Magnos	Wiped out by Leonard Decarabia's group during a raid ordered by the War Party, led by Louis Magnos and Lauriane Magnos (several mentioned) (undone via the Crimson Throne)	undone	11
<3+> Darkwood treants	Leonard Decarabia | Louis Magnos | Lauriane Magnos	Wiped out by Leonard Decarabia's group during a raid ordered by the War Party, led by Louis Magnos and Lauriane Magnos (several mentioned) (undone via the Crimson Throne)	undone	11
Astrid	Hector Honorius | Simon Magnos	Beheaded by Hector Honorius, led by Simon Magnos (undone via the Crimson Throne)	undone	11
Leonard Decarabia	Hector Honorius | Leonard Decarabia | Simon Magnos	Beheaded by Hector Honorius when absorbing the blow that beheaded Astrid, led by Simon Magnos (undone via the Crimson Throne)	undone	11
<1> orc swordsman	Hector Honorius | Simon Magnos	Cut from shoulder to hip with an axe by Hector Honorius, led by Simon Magnos (undone via the Crimson Throne)	undone	11
<1> imperial mage	Simon Magnos	Flesh devoured by green slime and skull smashed with a morning star by Simon Magnos (undone via the Crimson Throne)	undone	11
<3+> Darkwood treants	Louis Magnos | Lauriane Magnos	Incinerated by the War Party's airship fleet's aerial bombardments, led by Louis Magnos and Lauriane Magnos (several mentioned) (undone via the Crimson Throne)	undone	11
Rodrigue	Simon Magnos | Stone Muse	Stabbed in the heart with a spike by Simon Magnos as a sacrifice for the Stone Muse (undone via the Crimson Throne)	undone	11
<1> lamb	Dorian	Gutted by Dorian (undone via the Crimson Throne)	undone	11
<2> adventurers	Gregory the Juggler | Simon Magnos	Murdered by Gregory the Juggler, led by Simon Magnos (undone via the Crimson Throne)	undone	11
<1> adventurer	Grimm the Acrobat | Simon Magnos	Drowned by Grimm the Acrobat, led by Simon Magnos (undone via the Crimson Throne)	undone	11
<24+> people	Simon Magnos	Murdered by Darkwood monsters, led by Simon Magnos (dozens mentioned) (undone via the Crimson Throne)	undone	11
<3+> mutated wolves	Alphonse of Lore | Frea | Robert Flauros | Mel | Tiella Decarabia | Satine Renais	Slain by Alphonse of Lore and his group (several mentioned) (undone via the Crimson Throne)	undone	11
<3+> will-o'-the-wisps	Alphonse of Lore | Frea | Robert Flauros | Mel | Tiella Decarabia | Satine Renais	Slain by Alphonse of Lore and his group (several mentioned) (undone via the Crimson Throne)	undone	11
<3+> undead	Alphonse of Lore | Frea | Robert Flauros | Mel | Tiella Decarabia | Satine Renais	Slain by Alphonse of Lore and his group (several mentioned) (undone via the Crimson Throne)	undone	11
Carrock the Treant	Frea	Blown up with Nova by Frea (undone via the Crimson Throne)	undone	11
Songstress Wraith	Frea	Blown up with Nova by Frea (undone via the Crimson Throne)	undone	11
Orator Wraith	Frea	Blown up with Nova by Frea (undone via the Crimson Throne)	undone	11
Courtesan Wraith	Alphonse of Lore	Annihilated by Alphonse of Lore (undone via the Crimson Throne)	undone	11
<3+> cultists	Frea	Necks snapped when thrown against a wall with Gigagust by Frea (several mentioned) (undone via the Crimson Throne)	undone	11
Robert Flauros	Gregory the Juggler | Simon Magnos	Skull melted with acid via a slime thrown by Gregory the Juggler, led by Simon Magnos (reanimated via Simon's Land of Darkness) (undone via the Crimson Throne)	undead | undone	11
Tiella Decarabia	Gregory the Juggler | Grimm the Acrobat | Simon Magnos	Bled out after being melted with acid by Gregory the Juggler and stabbed multiple times by Grimm the Acrobat, led by Simon Magnos (reanimated via Simon's Land of Darkness) (undone via the Crimson Throne)	undead | undone	11
Mel	Grimm the Acrobat | Simon Magnos	Stabbed multiple times in the back by Grimm the Acrobat on orders from Simon Magnos (reanimated via Simon's Land of Darkness) (undone via the Crimson Throne)	undead | undone	11
Ulmos the Pictomancer	Frea	Blown up by Frea (undone via the Crimson Throne)	undone	11
Robert Flauros	Alphonse of Lore	Exorcised with his sword by Alphonse of Lore (undone via the Crimson Throne)	undone	11
Tiella Decarabia	Alphonse of Lore	Exorcised with his sword by Alphonse of Lore (undone via the Crimson Throne)	undone	11
Mel	Alphonse of Lore	Exorcised with his sword by Alphonse of Lore (undone via the Crimson Throne)	undone	11
<200+> Darkwood monsters	Alphonse of Lore | Frea | Robert Flauros | Mel | Tiella Decarabia | Satine Renais	Slain by Alphonse of Lore and his group (two-thirds of 300+ mentioned) (undone via the Crimson Throne)	undone	11
<3+> plant monsters	Frea	Incinerated with a fireball by Frea (undone via the Crimson Throne)	undone	11
Frea	Simon Magnos	Skull bashed in with a morning star by Simon Magnos (undone via the Crimson Throne)	undone	11
Alphonse of Lore	Hector Honorius | Simon Magnos | Duchar Honorius	Beheaded by Hector Honorius while being electrocuted by Simon Magnos and Duchar Honorius (undone via the Crimson Throne)	undone	11
Satine Renais	Simon Magnos | Stone Muse	Stabbed in the heart with a spike by Simon Magnos as a sacrifice for the Stone Muse (undone via the Crimson Throne)	undone	11
Rufus Flauros	Louis Magnos | Simon Magnos	Slain in single combat against Louis Magnos, orchestrated by Simon Magnos (undone via the Crimson Throne)	undone	11
Anselma Flauros	Anselma Flauros | Louis Magnos | Simon Magnos	Blew herself up with a fireball necklace to prevent capture by Louis Magnos, orchestrated by Simon Magnos (undone via the Crimson Throne)	undone	11
<3+> Whispermire inhabitants	Stone Muse | Simon Magnos	Crushed in an earthquake triggered by the Stone Muse's third sacrifice provided by Simon Magnos (several mentioned) (undone via the Crimson Throne)	undone	11
Thalas Magnos	Vouivre Ashmodai | Antonine de Shax	Slain by Vouivre Ashmodai after being betrayed by Antonine de Shax (undone via the Crimson Throne)	undone	11
Odette Kano	Archer	Slain by the Archer Zodiac Fiend alongside everyone in the region of Rhapta (undone via the Crimson Throne)	undone	11
Lorimor Ancitif	Archer	Slain by the Archer Zodiac Fiend alongside everyone in the region of Rhapta (undone via the Crimson Throne)	undone	11
Dorian	Silk | Stone Muse	Stabbed in the heart with a dagger by Silk as a sacrifice for the Stone Muse (undone via the Crimson Throne)	undone	11
Edward	Simon Magnos	Drained of his lifeforce and turned to dust through his Brand by Simon Magnos (undone via the Crimson Throne)	undone	11
<3> cultists	Simon Magnos	Drained of their lifeforce and turned to dust through their Brands by Simon Magnos (undone via the Crimson Throne)	undone	11
<1> cultist	Duchar Honorius | Simon Magnos | Stone Muse	Stabbed in the heart with a spike by Duchar Honorius on orders from Simon Magnos as a sacrifice for the Stone Muse (reanimated by Duchar Honorius) (undone via the Crimson Throne)	undead | undone	11
<2,000+> Whispermire inhabitants	Stone Muse | Duchar Honorius | Simon Magnos	Murdered via poisonous miasma by the Stone Muse after she was released by Duchar Honorius on orders from Simon Magnos (thousands mentioned) (undone via the Crimson Throne)	undone	11
<3+> civilians	Louis Magnos | Lauriane Magnos	Incinerated by the War Party's airship fleet's aerial bombardments, led by Louis Magnos and Lauriane Magnos (several mentioned) (undone via the Crimson Throne)	undone	11
<3+> cultists	Louis Magnos | Lauriane Magnos	Incinerated by the War Party's airship fleet's aerial bombardments, led by Louis Magnos and Lauriane Magnos (several mentioned) (undone via the Crimson Throne)	undone	11
<3+> gargoyle messengers	Louis Magnos | Lauriane Magnos	Incinerated by the War Party's airship fleet's aerial bombardments, led by Louis Magnos and Lauriane Magnos (several mentioned) (undone via the Crimson Throne)	undone	11
<400+> airship crew	Stone Muse | Simon Magnos	Destroyed alongside their airships by the Stone Muse on orders from Simon Magnos (2 airships mentioned, presumably manned by at least two hundred soldiers each given info from reign 8) (undone via the Crimson Throne)	undone	11
<12+> gargoyles	Casval Ashmodai | Louis Magnos | Lauriane Magnos	Incinerated by Casval Ashmodai on orders from the War Party, led by Louis Magnos and Lauriane Magnos (dozen mentioned) (undone via the Crimson Throne)	undone	11
<1> gargoyle	Casval Ashmodai | Louis Magnos | Lauriane Magnos	Incinerated by Casval Ashmodai on orders from the War Party, led by Louis Magnos and Lauriane Magnos (undone via the Crimson Throne)	undone	11
Gregory the Juggler	Casval Ashmodai | Louis Magnos | Lauriane Magnos	Incinerated by Casval Ashmodai on orders from the War Party, led by Louis Magnos and Lauriane Magnos (undone via the Crimson Throne)	undone	11
Grimm the Acrobat	Casval Ashmodai | Louis Magnos | Lauriane Magnos	Incinerated by Casval Ashmodai on orders from the War Party, led by Louis Magnos and Lauriane Magnos (undone via the Crimson Throne)	undone	11
<200+> airship crew	Stone Muse | Simon Magnos	Destroyed alongside their airship by the Stone Muse on orders from Simon Magnos (airship presumably manned by at least two hundred soldiers given info from reign 8) (undone via the Crimson Throne)	undone	11
Cassandra Honorius	Louis Magnos	Head torn off her shoulders with a flying sword by Louis Magnos (undone via the Crimson Throne)	undone	11
Duchar Honorius	Louis Magnos	Impaled with flying swords by Louis Magnos (undone via the Crimson Throne)	undone	11
Richard of Lore	Louis Magnos	Impaled with flying swords by Louis Magnos (undone via the Crimson Throne)	undone	11
Nora	Louis Magnos	Presumably impaled with flying swords by Louis Magnos (undone via the Crimson Throne)	undone	11
Mebbeth	Louis Magnos	Presumably impaled with flying swords by Louis Magnos (undone via the Crimson Throne)	undone	11
Hector Honorius	Louis Magnos	Sliced into pieces with his sword by Louis Magnos (undone via the Crimson Throne)	undone	11
Stone Muse	Louis Magnos	Sliced into pieces with his sword by Louis Magnos (undone via the Crimson Throne)	undone	11
Simon Magnos	Louis Magnos	Beheaded with his sword by Louis Magnos (undone via the Crimson Throne)	undone	11

Casval Ashmodai	Vouivre Ashmodai | Simon Magnos	Devoured by Vouivre Ashmodai, orchestrated by Simon Magnos (undone via the Crimson Throne)	undone	12
Patriate Malphas	Gourmand | Simon Magnos | Lauriane Magnos	Beheaded with a scythe by Gourmand on orders from Simon Magnos and Lauriane Magnos (undone via the Crimson Throne)	undone	12
Simon Magnos	Euphemia Magnos-Agares	Struck down by or on orders from Euphemia Magnos-Agares while she trapped him in stasis (undone via the Crimson Throne)	undone	12

<3+> Malphas agents	Gourmand | Shabram Gremory | Simon Magnos	Souls devoured by Gourmand, fed to him by Shabram Gremory on orders from Simon Magnos (several mentioned) (undone via the Crimson Throne)	undone	13
Patriate Malphas	Patriate Malphas | Simon Magnos	Asphyxiated when he drank from a poisoned goblet on orders from Simon Magnos (undone via the Crimson Throne)	undone	13
Belzemine	Keeper of the Crimson Throne	Strangled by the Keeper of the Crimson Throne (undone via the Crimson Throne)	undone	13
Simon Magnos	Lauriane Magnos | Louis Magnos	Stabbed with the Mana Sword by Lauriane Magnos, orchestrated by Louis Magnos (undone via the Crimson Throne)	undone	13

Gourmand	Simon Magnos	Skull bashed in with a scepter by Simon Magnos (undone via the Crimson Throne)	undone	14
Simon Magnos	 ???
actual death ?

Casval Ashmodai	Vouivre Ashmodai | Simon Magnos	Presumably devoured by Vouivre Ashmodai, orchestrated by Simon Magnos (undone via the Crimson Throne)	undone	15
<1> male squire	Mastemo	Slain by a monster during a Church of the Light Trial of Strength overseen by Mastemo (undone via the Crimson Throne)	undone	15
<1> monster	Mastemo	Slain by a male squire during a Church of the Light Trial of Strength overseen by Mastemo (undone via the Crimson Throne)	undone	15
<1> female squire	Mastemo	Slain by a monster during a Church of the Light Trial of Strength overseen by Mastemo (undone via the Crimson Throne)	undone	15
<1> monster	Mastemo	Slain by a female squire during a Church of the Light Trial of Strength overseen by Mastemo (undone via the Crimson Throne)	undone	15
<1> gargoyle	Simon Magnos | Beatrice | Mastemo	Skull caved in with a morning star by Simon Magnos during his Trial of Strength overseen by Beatrice and Mastemo (undone via the Crimson Throne)	undone	15
<3+> horse-sized wolves	Simon Magnos | Beatrice | Silence | Barbas | Cubirah	Slain by Simon Magnos and his Templar group (several mentioned) (undone via the Crimson Throne)	undone	15
<3+> flying crystal-shaped ice elementals	Simon Magnos | Beatrice | Silence | Barbas | Cubirah	Slain by Simon Magnos and his Templar group (several mentioned) (undone via the Crimson Throne)	undone	15
<3+> frozen undead corpses	Simon Magnos | Beatrice | Silence | Barbas | Cubirah	Slain by Simon Magnos and his Templar group (several mentioned) (undone via the Crimson Throne)	undone	15
Silence	Exodeos	Devoured by the Zodiac Fiend Exodeos (undone via the Crimson Throne)	undone	15
Beatrice	Exodeos	Presumably perished after having been banished through a rift to another dimension by the Zodiac Fiend Exodeos (undone via the Crimson Throne)	undone	15
Barbas	Exodeos	Incinerated with White Hole by the Zodiac Fiend Exodeos (undone via the Crimson Throne)	undone	15
Cubirah	Exodeos	Incinerated with White Hole by the Zodiac Fiend Exodeos (undone via the Crimson Throne)	undone	15
Exodeos	Simon Magnos | Beatrice | Silence | Barbas | Cubirah	Avatar destroyed when its chest was crushed under his foot by Simon Magnos after being heavily wounded by Beatrice's Templar group (returned to its crystal) (undone via the Crimson Throne)	physical | undone	15
Shabram Gremory	Simon Magnos | Exodeos	Lifeforce drained by Simon Magnos due to Exodeos' Annihilate attack (undone via the Crimson Throne)	undone	15
Simon Magnos	Mastemo	Fell to his death through the Lighthouse while dragged down by Mastemo's waterfall (undone via the Crimson Throne)	undone	15

<1> rat	Simon Magnos	Electrocuted with Hellthunder by Simon Magnos (undone via the Crimson Throne)	undone	16
<1> assassin	Simon Magnos	Blew himself up with a fireball necklace to prevent interrogation by Simon Magnos (undone via the Crimson Throne)	undone	16
<1> assassin	Simon Magnos	Bled out by abyssal bats summoned by Simon Magnos (undone via the Crimson Throne)	undone	16
<1> mouse	Simon Magnos	Incinerated with Hellfire by Simon Magnos (undone via the Crimson Throne)	undone	16
<2> guards	Simon Magnos | Remedia of Cocagne	Petrified by Simon Magnos on orders from Remedia of Cocagne (undone via the Crimson Throne)	undone	16
<4> guards	Simon Magnos | Remedia of Cocagne	Slain via Dreadful Aura's Instadeath effect by Simon Magnos on orders from Remedia of Cocagne (reanimated by Simon Magnos) (undone via the Crimson Throne)	undead | undone	16
<24+> patrons	Simon Magnos | Remedia of Cocagne	Electrocuted with Hellthunder by Simon Magnos on orders from Remedia of Cocagne (dozens mentioned) (undone via the Crimson Throne)	undone	16
<1> smiler	Simon Magnos | Remedia of Cocagne	Destroyed via Ectoplasmer by Simon Magnos on orders from Remedia of Cocagne (undone via the Crimson Throne)	undone	16
<4> shifters	Chrom Cruak | Ludwig Bert | Prince of Spiders	Experimented on to death by Chrom Cruak and Ludwig Bert, led by the Prince of Spiders (undone via the Crimson Throne)	undone	16
<3+> beatsmen	Chrom Cruak | Ludwig Bert | Prince of Spiders	Butchered by the Cobweb's Lafontaine branch on orders from Chrom Cruak and Ludwig Bert, led by the Prince of Spiders (several mentioned) (undone via the Crimson Throne)	undone	16
<3+> humans	Chrom Cruak | Ludwig Bert | Prince of Spiders	Butchered by the Cobweb's Lafontaine branch on orders from Chrom Cruak and Ludwig Bert, led by the Prince of Spiders (several mentioned) (undone via the Crimson Throne)	undone	16
<5+> Cobweb agents	Simon Magnos | Remedia of Cocagne	Slain via Dreadful Aura's Instadeath effect by Simon Magnos on orders from Remedia of Cocagne (half a dozen minus one mentioned) (undone via the Crimson Throne)	undone	16
Renal	Simon Magnos | Remedia of Cocagne	Slain via Countdown's Instadeath effect by Simon Magnos on orders from Remedia of Cocagne (undone via the Crimson Throne)	undone	16
<200+> people	Prince of Spiders | Simon Magnos | Remedia of Cocagne	Caught in the destruction of the Lafontaine arena, caused by a self-destruct mechanism setup by the Cobweb led by the Prince of Spiders, accidentally triggered by Simon Magnos on orders from Remedia of Cocagne (hundreds mentioned) (undone via the Crimson Throne)	undone	16
Shabram Gremory	Louis Magnos | Lauriane Magnos | Vouivre Ashmodai | Prince of Spiders	Murdered by the War Party alliance led by Louis Magnos, Lauriane Magnos, Vouivre Ashmodai and the Prince of Spiders (undone via the Crimson Throne)	undone	16
<2> kish dragon shifters	Simon Magnos	Shot with Ectoplasmer by Simon Magnos (undone via the Crimson Throne)	undone	16
<2> kish dragon shifters	Filip of Cocagne	Shot with arrows of light by Filip of Cocagne (undone via the Crimson Throne)	undone	16
<1+> kish dragon shifter	Thalas Magnos	Slain by Thalas Magnos (undone via the Crimson Throne)	undone	16
<3+> Cobweb agents	Remedia of Cocagne	Torn apart by Remedia of Cocagne's golems (several mentioned) (undone via the Crimson Throne)	undone	16
<3+> Wildguard soldiers	Casval-Nodens	Slaughtered by Casval-Nodens (several mentioned) (undone via the Crimson Throne)	undone	16
Eole	Alphonse of Lore	Beheaded with his sword by Alphonse of Lore (undone via the Crimson Throne)	undone	16
Tiamut	Alphonse of Lore	Perished when its host Eole was slain by Alphonse of Lore (returned to its crystal) (undone via the Crimson Throne)	physical | undone	16
Belzemine	Louis Magnos | Lauriane Magnos | Vouivre Ashmodai | Prince of Spiders	Murdered by the War Party alliance led by Louis Magnos, Lauriane Magnos, Vouivre Ashmodai and the Prince of Spiders (undone via the Crimson Throne)	undone	16
Filip of Cocagne	Alphonse of Lore | Simon Magnos | Eole-Tiamut	Cut in half with a sword by Alphonse of Lore on orders from Simon Magnos, after having been fused with Chastel by Eole-Tiamut (undone via the Crimson Throne)	undone	16
Chastel	Alphonse of Lore | Simon Magnos | Eole-Tiamut	Cut in half with a sword by Alphonse of Lore on orders from Simon Magnos, after having been fused with Filip by Eole-Tiamut (undone via the Crimson Throne)	undone	16
<3+> imps	Casval-Nodens | Simon Magnos	Summoned as a barrier by Simon Magnos and incinerated by Casval-Nodens (several mentioned) (undone via the Crimson Throne)	undone	16
Casval Ashmodai	Simon Magnos | Alphonse of Lore	Heart fried when electrocuted by Simon Magnos via Alphonse of Lore's sword (undone via the Crimson Throne)	undone	16
Nodens	Simon Magnos | Alphonse of Lore	Perished when its host Casval Ashmodai was slain by Simon Magnos and Alphonse of Lore (returned to its crystal) (undone via the Crimson Throne)	physical | undone	16
Silk	Vouivre Ashmodai	Blasted by Vouivre Ashmodai (undone via the Crimson Throne)	undone	16
Velvet	Vouivre Ashmodai	Presumably murdered when Vouivre Ashmodai killed her other half (undone via the Crimson Throne)	undone	16
Remedia of Cocagne	Verney-Valravn	Beheaded by Verney-Valravn (undone via the Crimson Throne)	undone	16
Simon Magnos	Vouivre Ashmodai	Blasted by Vouivre Ashmodai (undone via the Crimson Throne)	undone	16

Casval Ashmodai	Vouivre Ashmodai | Simon Magnos	Presumably devoured by Vouivre Ashmodai, orchestrated by Simon Magnos (undone via the Crimson Throne)	undone	17
<1> bull	Simon Magnos	Crumbled to dust after being branded with a Brand of Wrath by Simon Magnos (undone via the Crimson Throne)	undone	17
Doblin	Simon Magnos	Turned to gold with Gold Petrify by Simon Magnos (undone via the Crimson Throne)	undone	17
Toro	Simon Magnos	Turned to gold with Gold Petrify by Simon Magnos (undone via the Crimson Throne)	undone	17
Florence	Simon Magnos	Turned to gold with Gold Petrify by Simon Magnos (undone via the Crimson Throne)	undone	17
<12+> gang members, rats and troublemakers	Simon Magnos	Turned to gold with Gold Petrify by Simon Magnos (dozen mentioned) (undone via the Crimson Throne)	undone	17
<1> Blackhares' messenger	Simon Magnos	Murdered and turned into an undead by Simon Magnos (undone via the Crimson Throne)	undead | undone	17
<1> berserk alcohol slime	Simon Magnos	Created and put down by Simon Magnos (undone via the Crimson Throne)	undone	17
<2,000+> people	Oracle of Illusea	Caught in an explosion at Castle Frightwall caused when the Oracle of Illusea cast Goddess' Judgment (thousands mentioned in reign 8) (undone via the Crimson Throne)	undone	17
<1> orc	Reiko Yuzuhara	Beheaded with claws by Reiko Yuzuhara (undone via the Crimson Throne)	undone	17
<1> orc	Reiko Yuzuhara	Chest lacerated with claws by Reiko Yuzuhara (undone via the Crimson Throne)	undone	17
<1> ogre	Masaru Ito	Tossed over a cliff by Masaru Ito (undone via the Crimson Throne)	undone	17
<4+> orcs	Reiko Yuzuhara	Slain by Reiko Yuzuhara (half a dozen mentioned, minus the 2 already counted) (undone via the Crimson Throne)	undone	17
<12+> goblins	Reiko Yuzuhara | Masaru Ito | Yashamaru Vepar	Slain by the Monk's apprentices (dozen mentioned) (undone via the Crimson Throne)	undone	17
Reiko Yuzuhara	Simon Magnos | Renal | Prince of Spiders	Skull incinerated with Hellfire by Simon Magnos on orders from Renal, led by the Prince of Spiders (undone via the Crimson Throne)	undone	17
Yashamaru Vepar	Simon Magnos | Renal | Prince of Spiders	Petrified and shattered into pieces by Simon Magnos on orders from Renal, led by the Prince of Spiders (undone via the Crimson Throne)	undone	17
Masaru Ito	Simon Magnos | Renal | Prince of Spiders	Slain via Countdown's Instadeath effect by Simon Magnos on orders from Renal, led by the Prince of Spiders (undone via the Crimson Throne)	undone	17
Hector Honorius	Simon Magnos	Soul extracted with a dagger by Simon Magnos and moved into another body (undone via the Crimson Throne)	revived | undone	17
<12+> slavers	Belzemine | Simon Magnos	Slaughtered by Belzemine on orders from Simon Magnos (dozen mentioned) (undone via the Crimson Throne)	undone	17
Horse-Eater Ogre	Borsh Fleshmonger | Belzemine | Simon Magnos	Slain by Borsh Fleshmonger and Belzemine on orders from Simon Magnos (undone via the Crimson Throne)	undone	17
<1> man	Velvet	Tortured to death by Velvet (undone via the Crimson Throne)	undone	17
<66> addicts	Granny Radhag | Simon Magnos	Souls procured by Granny Radhag to infuse an industrial cauldron on orders from Simon Magnos (undone via the Crimson Throne)	undone	17
<13> addicts	Granny Radhag | Simon Magnos	Souls procured by Granny Radhag to infuse ovens on orders from Simon Magnos (undone via the Crimson Throne)	undone	17
<1> imp	Simon Magnos	Blown up via Pandemic Bomb by Simon Magnos (undone via the Crimson Throne)	undone	17
<1> Ludwig Bert's skinsuit	Simon Magnos | Silk | Velvet	Splattered against a wall by Simon Magnos, during a hit ordered by Silk and Velvet (undone via the Crimson Throne)	undone	17
<12+> wax replicas	Simon Magnos | Silk | Velvet	Incinerated with Hellfire by Simon Magnos, during a hit ordered by Silk and Velvet (dozen mentioned) (undone via the Crimson Throne)	undone	17
<3+> constructs	Simon Magnos | Silk | Velvet	Skulls smashed with a morning star by Simon Magnos, during a hit ordered by Silk and Velvet (several mentioned) (undone via the Crimson Throne)	undone	17
<5> automata	Simon Magnos | Silk | Velvet	Smashed to pieces by Simon Magnos, during a hit ordered by Silk and Velvet (undone via the Crimson Throne)	undone	17
<3+> automata	Simon Magnos | Silk | Velvet	Smashed to pieces by Simon Magnos, during a hit ordered by Silk and Velvet (several mentioned) (undone via the Crimson Throne)	undone	17
<1> Paladin puppet	Simon Magnos | Silk | Velvet	Incinerated with Hellfire by Simon Magnos, during a hit ordered by Silk and Velvet (undone via the Crimson Throne)	undone	17
<3+> dolls	Simon Magnos | Silk | Velvet	Incinerated with Hellfire by Simon Magnos, during a hit ordered by Silk and Velvet (several mentioned) (undone via the Crimson Throne)	undone	17
<3+> dolls	Simon Magnos | Silk | Velvet	Smashed apart with Chaos Wave by Simon Magnos, during a hit ordered by Silk and Velvet (several mentioned) (undone via the Crimson Throne)	undone	17
Ludwig Bert	Ludwig Bert | Simon Magnos | Silk | Velvet	Exploded himself in a suicidal attack against Simon Magnos, during a hit ordered by Silk and Velvet (undone via the Crimson Throne)	undone	17
<1> fetch	Velvet	Stabbed by Velvet (undone via the Crimson Throne)	undone	17
Edric Albert	Verney-Valravn	Gutted by Verney-Valravn (undone via the Crimson Throne)	undone	17
Chrom Cruak	Elios Magnos | Simon Magnos	Murdered, beheaded and mummified by Elios Magnos, orchestrated by Simon Magnos (undone via the Crimson Throne)	undone	17
Granny Radhag	Simon Magnos	Blown up via Pandemic Bomb by Simon Magnos (undone via the Crimson Throne)	undone	17
Borsh Fleshmonger	Simon Magnos	Blown up via Pandemic Bomb by Simon Magnos (undone via the Crimson Throne)	undone	17
Renal	Simon Magnos	Devoured alive by the swarms of flies summoned via Pandemic Bomb by Simon Magnos (undone via the Crimson Throne)	undone	17
<3+> flies	Exodeos	Annihilated by Exodeos (several mentioned) (undone via the Crimson Throne)	undone	17
<200+> minions	Simon Magnos	Blown up via Pandemic Bomb by Simon Magnos (hundreds mentioned) (undone via the Crimson Throne)	undone	17
Stone Muse	Vouivre Ashmodai | Simon Magnos	Incinerated alongside the Darkwood by Vouivre Ashmodai on orders from Simon Magnos (undone via the Crimson Throne)	undone	17
<1> fetch	Simon Magnos	Face smashed with a morning star by Simon Magnos (undone via the Crimson Throne)	undone	17
Eole	Elios Magnos	Murdered via its Thoughts on Mortality by Elios Magnos (undone via the Crimson Throne)	undone	17
Gregory the Juggler	Elios Magnos	Murdered via its Thoughts on Mortality by Elios Magnos (undone via the Crimson Throne)	undone	17
Grimm the Acrobat	Elios Magnos	Murdered via its Thoughts on Mortality by Elios Magnos (undone via the Crimson Throne)	undone	17
Duchar Honorius	Elios Magnos	Murdered via its Thoughts on Mortality by Elios Magnos (undone via the Crimson Throne)	undone	17
Cassandra Honorius	Elios Magnos	Murdered via its Thoughts on Mortality by Elios Magnos (undone via the Crimson Throne)	undone	17
Belzemine	Asterion | Simon Magnos	Consumed by miasma pouring out of Asterion's crystal due to Simon Magnos' Devour Crestone (undone via the Crimson Throne)	undone	17
Asterion	Mardok Endymion	Swallowed by the void controlled by Mardok Endymion (undone via the Crimson Throne)	undone	17
Simon Magnos	???
death ?

Simon Magnos	???
death ?

<200,000+> Beleth inhabitants	Vouivre Ashmodai | Simon Magnos	Incinerated by Vouivre Ashmodai, orchestrated by Simon Magnos (hundreds of thousands mentioned) (undone via the Crimson Throne)	undone	19
Anna Paimon	Casval Ashmodai | Antonine de Shax	Incinerated by Casval Ashmodai, while powered up by Antonine de Shax (undone via the Crimson Throne)	undone	19
Leonard Decarabia	Casval Ashmodai | Antonine de Shax | Simon Magnos	Incinerated by Casval Ashmodai, while powered up by Antonine de Shax, after being knocked out by Simon Magnos (undone via the Crimson Throne)	undone	19
Meredith d'Ose	Casval Ashmodai | Antonine de Shax | Simon Magnos	Incinerated by Casval Ashmodai, while powered up by Antonine de Shax, after being knocked out by Simon Magnos (undone via the Crimson Throne)	undone	19
<1> student	Lorimor Ancitif | Simon Magnos	Slain via a stray eye beam by Lorimor Ancitif, led by Simon Magnos (undone via the Crimson Throne)	undone	19
<1> captive warbeast	Simon Magnos	Executed by Simon Magnos (undone via the Crimson Throne)	undone	19
<3+> scalefolk	Vouivre Ashmodai	Crushed by a Miasma Cannon when deployed by Vouivre Ashmodai (several mentioned) (undone via the Crimson Throne)	undone	19
<3+> specters	Simon Magnos	Blasted by Simon Magnos (several mentioned) (undone via the Crimson Throne)	undone	19
<3+> screaming spirits	Simon Magnos	Vaporized by Simon Magnos' demodragons (several mentioned) (undone via the Crimson Throne)	undone	19
<3+> rotting brine zombies	Melusine of Kitezh	Slain by Melusine of Kitezh's merfolk (several mentioned) (undone via the Crimson Throne)	undone	19
<1> demodragon	Amadeus Voltobauta	Struck with Death X by Amadeus Voltobauta (undone via the Crimson Throne)	undone	19
<3+> dragonkin	Simon Magnos	Slain via Dreadful Aura's Instadeath effect by Simon Magnos (several mentioned) (undone via the Crimson Throne)	undone	19
<1> butler	Simon Magnos	Shot with Ectoplasmer by Simon Magnos (undone via the Crimson Throne)	undone	19
<3+> corpselike hands	Simon Magnos	Rotted to nothing via Putrefy by Simon Magnos (several mentioned) (undone via the Crimson Throne)	undone	19
<200+> ghosts	Amadeus Voltobauta	Absorbed by Amadeus Voltobauta (hundreds mentioned) (undone via the Crimson Throne)	undone	19
<2> demodragons	Alcyone Hyades	Heads sliced off by Alcyone Hyades (undone via the Crimson Throne)	undone	19
<3+> templars	Hector Honorius | Borsh Fleshmonger | Simon Magnos	Torn apart by Hector Honorius and Borsh Fleshmonger, led by Simon Magnos (several mentioned) (undone via the Crimson Throne)	undone	19
<3+> shifters	Mastemo	Slain by Mastemo (several mentioned) (undone via the Crimson Throne)	undone	19
<3+> dragonkin	Mastemo	Blasted by an entity summoned by Mastemo (several mentioned) (undone via the Crimson Throne)	undone	19
Lorimor Ancitif	Dassein Magnos	Impaled with a lightning spear and torn in half by Dassein Magnos (undone via the Crimson Throne)	undone	19
<3+> thralls	Dassein Magnos | Simon Magnos	Blasted with mental debuffs by Dassein Magnosn, some reflected by Simon Magnos (several mentioned) (undone via the Crimson Throne)	undone	19
<3+> thralls	Simon Magnos	Drained of their lifeforce by Simon Magnos (several mentioned) (undone via the Crimson Throne)	undone	19
Belzemine	Dassein Magnos	Vaporized with Ragnarok by Dassein Magnos (undone via the Crimson Throne)	undone	19
Casval Ashmodai	Dassein Magnos | Exodeos | Casval Ashmodai	Fatally wounded by Dassein Magnos' Ragnarok, then let himself be swallowed by Exodeos' sphere of darkness after he summoned it and presumably murdered (undone via the Crimson Throne)	undone	19
Maublanc Paimon	Exodeos | Casval Ashmodai	Swallowed by Exodeos' sphere of darkness and presumably murdered after it was summoned by Casval Ashmodai (undone via the Crimson Throne)	undone	19
<4+> Maublanc Paimon's men	Exodeos | Casval Ashmodai	Swallowed by Exodeos' sphere of darkness and presumably murdered after it was summoned by Casval Ashmodai (squad mentioned) (undone via the Crimson Throne)	undone	19
Simon Magnos	Thalas Magnos	Stabbed through the back of the head and beheaded by Thalas Magnos (undone via the Crimson Throne)	undone	19

<3+> Forbidden Keep guardians	Alcyone Hyades	Slain by Alcyone Hyades (several mentioned) (undone via the Crimson Throne)	undone	20
<1> racker	Simon Magnos' dracozombie | Simon Magnos	Torn in half by his dracozombie and incinerated with Hellfire Gaze by Simon Magnos (undone via the Crimson Throne)	undone	20
<24+> demons	Simon Magnos | Zeal	Massacred by Simon Magnos and Zeal (dozens mentioned) (undone via the Crimson Throne)	undone	20
{2} Simon Magnos' dracozombie	Eole | Simon Magnos	Slain by Eole twice on orders from Simon Magnos who resurrected his mount afterwards (undone via the Crimson Throne)	revived | undone	20
Simon Magnos' dracozombie	Ruto | Simon Magnos	Slain by Ruto on orders from Simon Magnos and resurrected afterwards (undone via the Crimson Throne)	revived | undone	20
Simon Magnos' dracozombie	Tybalt | Simon Magnos	Slain by Tybalt on orders from Simon Magnos and resurrected afterwards (undone via the Crimson Throne)	revived | undone	20
{17} Simon Magnos' dracozombie	Simon Magnos	Slain by each of the Champions on orders from Simon Magnos and resurrected afterwards each time (undone via the Crimson Throne)	revived | undone	20
<3+> Forbidden Keep demons	Ruto | Simon Magnos	Slain by Ruto on orders from Simon Magnos (several mentioned) (undone via the Crimson Throne)	undone	20
<3+> Forbidden Keep demons	Tybalt | Simon Magnos	Slain by Tybalt on orders from Simon Magnos (several mentioned) (undone via the Crimson Throne)	undone	20
<3+> Forbidden Keep demons	Eole | Simon Magnos	Slain by Eole on orders from Simon Magnos (several mentioned) (undone via the Crimson Throne)	undone	20
<51+> Forbidden Keep demons	Simon Magnos	Slain by each of the Champions on orders from Simon Magnos (several mentioned for each of the 17 other Champions) (undone via the Crimson Throne)	undone	20
Reiko Yuzuhara	Prince of Spiders	Presumably assassinated on orders from the Prince of Spiders (undone via the Crimson Throne)	undone	20
Yashamaru Vepar	Prince of Spiders	Presumably assassinated on orders from the Prince of Spiders (undone via the Crimson Throne)	undone	20
Masaru Ito	Prince of Spiders	Presumably assassinated on orders from the Prince of Spiders (undone via the Crimson Throne)	undone	20
Euphemia Magnos-Agares	Louis Magnos	Slain by Louis Magnos (undone via the Crimson Throne)	undone	20
<24+> ghosts	Nodens	Torn to shreds with thrown blades by Nodens (dozens mentioned) (undone via the Crimson Throne)	undone	20
Anaximander	Nodens	Bled out after having his skin torn off by Nodens (undone via the Crimson Throne)	undone	20
Zeal	Nodens	Flesh melted of her bones by Nodens' blood (undone via the Crimson Throne)	undone	20
<1> Zeal's tamed racker	Nodens	Flesh melted of its bones by Nodens' blood (undone via the Crimson Throne)	undone	20
Ruto	Nodens	Legs, arms, wings and head sliced off with Atopere by Nodens (undone via the Crimson Throne)	undone	20
Tybalt	Nodens	Head chopped off its shoulders with Spellscar by Nodens (undone via the Crimson Throne)	undone	20
Amadeus Voltobauta	Nodens	Body chewed on with its tail mouth by Nodens (soul left his body to find another) (undone via the Crimson Throne)	revived | undone	20
<10> elf champions	Nodens	Either immolated, petrified and shattered, or melted via its blood by Nodens (undone via the Crimson Throne)	undone	20
<7> harpy champions	Nodens	Either immolated, petrified and shattered, or melted via its blood by Nodens (undone via the Crimson Throne)	undone	20
Nodens	Alcyone Hyades | Amadeus Voltobauta	Body beheaded by Alcyone Hyades while empowered The Last Dance by Amadeus Voltobauta (returned to its crystal) (undone via the Crimson Throne)	physical | undone	20
Alcyone Hyades	Nodens	Fatally wounded when immolated by Nodens (undone via the Crimson Throne)	undone	20
Nodens	Simon Magnos	Crystal devoured via Devour Crestone by Simon Magnos (undone via the Crimson Throne)	undone	20
Vayan	Nodens	Avatar destroyed after being immolated by Nodens (later revived due to his nature as an Eidolon) (undone via the Crimson Throne)	revived | undone	20
Eole	Louis Magnos	Murdered by Louis Magnos (undone via the Crimson Throne)	undone	20
Belzemine	Louis Magnos | Nodens	Put down by Louis Magnos after being polymorphed by Nodens (undone via the Crimson Throne)	undone	20
Simon Magnos	Louis Magnos	Impaled with the Mana Sword and two copies of it by Louis Magnos (undone via the Crimson Throne)	undone	20

Simon Magnos		Murdered when the Abyss' baleful eye stared at him (undone via the Crimson Throne)	undone	21

Simon Magnos	???
death ?

<3+> animals	Simon Magnos	Incinerated by Simon Magnos via his Edict of the Wounded Earth (several mentioned) (undone via the Crimson Throne)	undone	23
<3+> Louis supporters	Gourmand	Souls devoured by Gourmand, fed to him by Simon Magnos (several mentioned) (undone via the Crimson Throne)	undone	23
<400+> airship crew	Vouivre Ashmodai	Destroyed alongside their airships by Vouivre Ashmodai (multiple airships mentioned, presumably manned by at least two hundred soldiers each given info from reign 8) (undone via the Crimson Throne)	undone	23
<200+> Cobweb intruders	Simon Magnos	Slain via Dreadful Aura's Instadeath effect by Simon Magnos (hundreds mentioned) (undone via the Crimson Throne)	undone	23
Patriate Malphas	Simon Magnos	Slain via Dreadful Aura's Instadeath effect by Simon Magnos (undone via the Crimson Throne)	undone	23
Elaine Malphas	Simon Magnos	Slain via Dreadful Aura's Instadeath effect by Simon Magnos (undone via the Crimson Throne)	undone	23
Anselma Flauros	Simon Magnos	Perished alongside the elven soldiers, slain by Simon Magnos' forces (undone via the Crimson Throne)	undone	23
<4+> elven soldiers	Simon Magnos	Incinerated with Hellfire Gaze by Simon Magnos (group mentioned) (undone via the Crimson Throne)	undone	23
Velvet	Simon Magnos	Dragged screaming into Hell via Simon Magnos' Crown of Pain, later murdered when he slew her other half (undone via the Crimson Throne)	undone	23
Silk	Simon Magnos	Head torn off her shoulders while being strangled by Simon Magnos (undone via the Crimson Throne)	undone	23
Lotan	Simon Magnos	Body destroyed when Simon Magnos killed Silk (returned to its crystal) (undone via the Crimson Throne)	physical | undone	23
<3+> elven soldiers	Belzemine | Simon Magnos	Slain by Belzemine, led by Simon Magnos (several mentioned) (undone via the Crimson Throne)	undone	23
<1> elven soldier	Louis Magnos	Beheaded by Louis Magnos (undone via the Crimson Throne)	undone	23
<3+> Simon's servants	Oracle of Illusea	Slain during an attack on Frightwall orchestrated by the Oracle of Illusea (several mentioned) (undone via the Crimson Throne)	undone	23
Meredith d'Ose	Chrom Cruak | Renal | Verney-Valravn	Torn apart during a Cobweb attack led by Chrom Cruak, Renal and Verney-Valravn (undone via the Crimson Throne)	undone	23
Leonard Decarabia	Chrom Cruak | Renal | Verney-Valravn	Torn apart during a Cobweb attack led by Chrom Cruak, Renal and Verney-Valravn (undone via the Crimson Throne)	undone	23
Tiella Decarabia	Chrom Cruak | Renal | Verney-Valravn	Gutted during a Cobweb attack led by Chrom Cruak, Renal and Verney-Valravn (undone via the Crimson Throne)	undone	23
Duchar Honorius	Chrom Cruak | Renal | Verney-Valravn	Brain destroyed during a Cobweb attack led by Chrom Cruak, Renal and Verney-Valravn (undone via the Crimson Throne)	undone	23
<3+> elite guards	Chrom Cruak | Renal | Verney-Valravn	Torn apart during a Cobweb attack led by Chrom Cruak, Renal and Verney-Valravn (undone via the Crimson Throne)	undone	23
Renal	Hector Honorius | Simon Magnos	Beheaded by Hector Honorius, led by Simon Magnos (undone via the Crimson Throne)	undone	23
<24+> Cobweb Fang assassins	Meredith d'Ose | Leonard Decarabia | Tiella Decarabia | Duchar Honorius | Hector Honorius | Simon Magnos	Slain by Meredith d'Ose, Leonard Decarabia, Tiella Decarabia, Duchar Honorius and Hector Honorius, led by Simon Magnos (dozens mentioned) (undone via the Crimson Throne)	undone	23
<3+> fetches	Hector Honorius | Simon Magnos	Slain by Hector Honorius, led by Simon Magnos (several mentioned) (undone via the Crimson Throne)	undone	23
Vouivre Ashmodai	Euphemia Magnos-Agares	Decapitated by Euphemia Magnos-Agares (undone via the Crimson Throne)	undone	23
Belzemine	Anna-Helel	Incinerated via a pillar of light by Anna-Helel (undone via the Crimson Throne)	undone	23
<24+> crystalline Templars knights	Simon Magnos	Vaporized with Hellfire Gaze by Simon Magnos (dozens mentioned) (undone via the Crimson Throne)	undone	23
<24+> flying crystalline Templars knights	Euphemia Magnos-Agares	Beheaded by Euphemia Magnos-Agares via her Law (dozens mentioned) (undone via the Crimson Throne)	undone	23
<3+> crystalline Templars knights	Euphemia Magnos-Agares	Smashed with her warhammer by Euphemia Magnos-Agares (several mentioned) (undone via the Crimson Throne)	undone	23
<6+> crystalline Templars knights	Louis Magnos	Sliced apart by Louis Magnos (several mentioned twice) (undone via the Crimson Throne)	undone	23
<3+> crystalline Templars knights	Simon Magnos' dracozombie | Simon Magnos	Blasted out of the sky by Simon Magnos and his dracozombie (several mentioned) (undone via the Crimson Throne)	undone	23
<3+> crystalline Templars knights	Dassein Magnos	Slain by Dassein Magnos (several mentioned) (undone via the Crimson Throne)	undone	23
<3+> crystalline Templars knights	Lauriane Magnos	Slain by Lauriane Magnos (several mentioned) (undone via the Crimson Throne)	undone	23
<6+> crystalline Templars knights	Louis Magnos	Slain by Louis Magnos (several mentioned twice) (undone via the Crimson Throne)	undone	23
Mastemo	Mastemo	Presumably sacrificed himself by destroying the Lighthouse using the Water Manalith (undone via the Crimson Throne)	undone	23
<3+> dragons	Simon Magnos	Vaporized by the miasma rays shot by the Malevolence's cannons on orders from Simon Magnos (several mentioned) (undone via the Crimson Throne)	undone	23
<3+> angels	Simon Magnos	Vaporized by the miasma rays shot by the Malevolence's cannons on orders from Simon Magnos (several mentioned) (undone via the Crimson Throne)	undone	23
<3+> spellcasters	Simon Magnos | Remedia of Cocagne	Slain when their mind attacks were reflected by Simon Magnos using Remedia of Cocagne's Contingency (several mentioned) (undone via the Crimson Throne)	undone	23
<3+> angels	Simon Magnos | Remedia of Cocagne	Slain when their mind attacks were reflected by Simon Magnos using Remedia of Cocagne's Contingency (several mentioned) (undone via the Crimson Throne)	undone	23
Casval Ashmodai	Anna-Helel	Shot through the chest with a beam of light by Anna-Helel (undone via the Crimson Throne)	undone	23
<1> Dassein Magnos' manticore	Anna-Helel	Shot with a beam of light by Anna-Helel (undone via the Crimson Throne)	undone	23
Phoenix	Anna-Helel	Head blown off with a beam of light by Anna-Helel (later revived due to his nature as an Eidolon) (undone via the Crimson Throne)	revived | undone	23
Filip of Cocagne	Anna-Helel	Head blasted off with a beam of light by Anna-Helel (undone via the Crimson Throne)	undone	23
Lotan	Anna-Helel	Body vaporized with beams of light by Anna-Helel (returned to its crystal) (undone via the Crimson Throne)	physical | undone	23
Amadeus Voltobauta	Anna-Helel	Vaporized with beams of light by Anna-Helel (undone via the Crimson Throne)	undone	23
<1> Louis Magnos' mount	Anna-Helel	Beheaded with a beam of light by Anna-Helel (undone via the Crimson Throne)	undone	23
<400+> airship crew	Anna-Helel	Destroyed alongside their airships by Anna-Helel (multiple airships mentioned, presumably manned by at least two hundred soldiers each given info from reign 8) (undone via the Crimson Throne)	undone	23
Euphemia Magnos-Agares	Anna-Helel	Incinerated with light via Eschaton by Anna-Helel (undone via the Crimson Throne)	undone	23
Louis Magnos	Anna-Helel	Incinerated with light via Eschaton by Anna-Helel (undone via the Crimson Throne)	undone	23
Simon Magnos' dracozombie	Anna-Helel	Incinerated with light via Eschaton by Anna-Helel (undone via the Crimson Throne)	undone	23
Simon Magnos	Anna-Helel	Incinerated with light via Eschaton by Anna-Helel (undone via the Crimson Throne)	undone	23




